amount,duration,payments,DID,Average_order_amount,Average_trans_amount,Average_trans_balance,No_transaction,Card_type,No_inhabitants,Average_salary,Average_unemployment_rate,Average_crime_rate,gender,Owner_age,Same_district
79608,24,3317.0,313,3317.0,15016.194805194806,65773.4567099567,462,No,105606,8254,3.275,0.021262996420657918,male,282.0,True
52788,12,4399.0,244,2504.0,2654.845041322314,22010.19421487603,484,No,58796,9045,3.365,0.03166882100823185,male,246.0,True
21924,36,609.0,297,3435.5,4808.558521560575,46258.33880903491,487,No,157042,8743,2.155,0.024047706982845352,male,398.0,True
23052,12,1921.0,617,1772.2,3333.6015037593984,24129.73082706767,665,No,387570,9897,1.78,0.04827128002683386,female,646.0,True
41904,12,3492.0,603,3626.8333333333335,7649.588597842835,58766.85362095531,649,No,228848,9893,4.405,0.025147696287492135,male,242.0,False
65184,12,5432.0,448,5432.3,11066.318965517241,70233.51939655172,464,gold,387570,9897,1.78,0.04827128002683386,male,438.0,False
76908,12,6409.0,485,6408.8,11575.71670190275,46888.48837209302,473,No,107870,8754,4.07,0.035561323815704086,female,580.0,False
105804,36,2939.0,185,4966.35,5983.7164502164505,35669.38528138528,462,classic,107870,8754,4.07,0.035561323815704086,female,639.0,False
39576,12,3298.0,522,5602.766666666666,8694.99533437014,64095.143079315705,643,junior,1204953,12541,0.36,0.07667684963645885,female,170.0,False
208320,48,4340.0,479,4340.0,9533.83173076923,41532.387019230766,416,No,1204953,12541,0.36,0.07667684963645885,female,313.0,False
83016,12,6918.0,632,4606.099999999999,9277.996460176992,61408.329203539826,565,junior,285387,10177,7.19,0.03501561038169223,male,187.0,False
51696,24,2154.0,396,2153.8,12693.316,58674.832,500,classic,323870,10673,5.095,0.05732083860808349,female,313.0,True
127080,60,2118.0,170,2647.825,3242.935537190083,29452.327272727274,605,No,77917,8390,2.585,0.026964590525815933,male,685.0,True
24312,12,2026.0,455,2025.7,4904.035714285715,36158.44387755102,392,No,93931,8427,1.33,0.020158414155071275,female,461.0,True
165960,36,4610.0,148,3288.0,7506.873617693523,43499.84202211691,633,No,112709,8369,2.05,0.024274902625344916,male,299.0,True
274740,60,4579.0,204,4944.666666666667,11166.880910683012,56912.57968476357,571,junior,1204953,12541,0.36,0.07667684963645885,male,179.0,False
143904,24,5996.0,518,3161.066666666667,9248.316071428571,56721.03392857143,560,No,107870,8754,4.07,0.035561323815704086,male,519.0,False
80952,24,3373.0,313,5319.35,6593.125523012553,36540.780334728035,478,No,1204953,12541,0.36,0.07667684963645885,male,587.0,True
80952,24,3373.0,313,5319.35,6605.968619246862,35557.592050209205,478,No,1204953,12541,0.36,0.07667684963645885,male,587.0,True
24516,12,2043.0,317,2043.0,12940.887640449439,55885.52808988764,534,No,1204953,12541,0.36,0.07667684963645885,male,423.0,True
212400,36,5900.0,391,5900.0,9688.591324200914,62403.422374429225,438,No,85852,8965,7.655,0.031886269393840566,female,329.0,True
91632,12,7636.0,365,5584.0,5805.644820295983,47918.044397463,473,No,94725,9920,2.565,0.048218527315914486,female,374.0,False
23628,12,1969.0,547,5735.85,12178.5,67867.25438596492,570,No,85852,8965,7.655,0.031886269393840566,male,486.0,True
95400,36,2650.0,268,2650.2,13227.711899791231,68519.10855949896,479,No,75685,8208,2.075,0.024991742088921187,male,273.0,False
55368,24,2307.0,362,2306.8,8882.86827458256,42411.901669758816,539,No,197099,9624,1.955,0.022194430210198936,female,650.0,True
464520,60,7742.0,257,7741.8,10133.149659863946,37420.986394557825,441,No,77963,8546,3.485,0.036940600028218515,female,635.0,False
69360,48,1445.0,450,1445.0,4401.761786600497,33499.903225806454,403,No,75637,9622,0.52,0.04630009122519402,male,634.0,False
111384,24,4641.0,472,4088.6666666666665,11670.960567823344,60965.33753943218,634,No,51428,8402,3.555,0.020397448860542896,male,328.0,False
174744,24,7281.0,452,4619.575,8186.367924528302,30542.00566037736,530,junior,125236,9675,7.055,0.04197275543773356,female,186.0,False
96396,12,8033.0,105,8033.2,10195.764267990075,44264.573200992556,403,No,94812,9650,3.525,0.030528836012319115,female,551.0,True
224604,36,6239.0,519,6239.2,14296.225882352941,68073.48470588235,425,junior,51313,8930,3.86,0.027088651998518894,male,219.0,True
120888,36,3358.0,496,3291.5,6206.538283062645,39187.02320185615,431,No,1204953,12541,0.36,0.07667684963645885,female,603.0,True
7656,24,319.0,367,2013.5,5976.529523809524,46877.81333333333,525,No,78955,9060,2.11,0.021353935786207333,female,378.0,True
74688,12,6224.0,496,9967.65,10591.620493358634,47345.552182163185,527,No,87419,8624,2.225,0.03475789016117778,female,594.0,True
89040,60,1484.0,392,4262.5,3375.173831775701,36367.31401869159,535,No,148545,8909,4.785,0.023730182772897103,female,291.0,True
174744,24,7281.0,163,7281.3,10178.982532751092,45002.301310043666,458,No,122603,8991,1.7,0.04270287023971681,female,541.0,True
47016,12,3918.0,239,9249.6,13461.32340425532,54667.09574468085,470,No,197099,9624,1.955,0.022194430210198936,female,431.0,False
63312,48,1319.0,402,1365.3333333333333,1556.781737193764,17117.45434298441,449,No,149893,9753,4.845,0.03714649783512239,female,456.0,False
154416,48,3217.0,176,3216.7,13179.052742616033,59249.852320675105,474,No,70699,8968,3.09,0.025813660730703406,female,292.0,True
149040,48,3105.0,292,3751.1,6158.601789709172,37200.3937360179,447,No,75637,9622,0.52,0.04630009122519402,female,301.0,True
11736,24,489.0,528,2365.0,5635.858620689655,34715.81379310345,580,No,1204953,12541,0.36,0.07667684963645885,male,672.0,True
121896,24,5079.0,486,5079.0,11831.0,66951.42084168337,499,No,157042,8743,2.155,0.024047706982845352,male,353.0,True
300660,60,5011.0,304,3231.8,8247.958402662229,49107.372712146425,601,No,128118,9317,6.78,0.053938556643094646,male,529.0,True
167100,60,2785.0,335,2784.8,12142.410958904109,56108.46803652968,438,classic,145688,8544,1.575,0.019304953050354182,female,290.0,True
82896,12,6908.0,482,4195.875,9982.448275862069,57004.2249589491,609,classic,110643,8441,3.965,0.018668148911363574,male,270.0,False
78936,12,6578.0,273,3374.6666666666665,3259.741482965932,30917.380761523047,499,No,1204953,12541,0.36,0.07667684963645885,female,444.0,False
253200,60,4220.0,255,4219.5,9562.949109414758,47187.45292620865,393,No,228848,9893,4.405,0.025147696287492135,female,526.0,False
208128,48,4336.0,439,4335.8,9284.546798029556,45511.28078817734,406,classic,387570,9897,1.78,0.04827128002683386,male,515.0,True
87840,24,3660.0,124,1759.36,4802.899259259259,30675.87851851852,675,No,53921,8598,3.015,0.03219524860443983,female,162.0,True
108144,36,3004.0,256,3870.25,11284.865853658537,59002.20325203252,492,No,1204953,12541,0.36,0.07667684963645885,female,368.0,False
149340,60,2489.0,321,5621.65,5495.901639344263,35020.355971896955,427,No,105606,8254,3.275,0.021262996420657918,male,374.0,True
131292,36,3647.0,425,5479.5,7146.404347826087,39886.81304347826,460,No,1204953,12541,0.36,0.07667684963645885,male,484.0,True
192744,36,5354.0,488,5353.5,10881.060324825987,67194.60788863109,431,classic,110643,8441,3.965,0.018668148911363574,female,276.0,True
300204,36,8339.0,364,8339.0,6633.416867469879,35204.224096385544,415,No,67298,8561,0.97,0.016018306636155607,male,362.0,False
299088,36,8308.0,419,4842.599999999999,8654.56475583864,34860.12951167728,471,No,106054,8110,6.16,0.029810285326343184,female,331.0,True
87816,12,7318.0,476,6161.5,4348.293010752688,18739.486559139787,372,No,105058,9272,3.01,0.04209579470387786,male,400.0,False
75624,24,3151.0,196,3151.3,9714.814569536424,38446.62030905077,453,No,387570,9897,1.78,0.04827128002683386,male,420.0,True
189300,60,3155.0,413,2361.0,4664.413793103448,50215.70862068966,580,classic,162580,9538,1.66,0.03533337433878706,male,487.0,False
272520,60,4542.0,333,5224.5,10610.849894291754,52304.972515856236,473,No,92084,10124,0.55,0.04412275748229877,male,656.0,True
117024,24,4876.0,137,4875.8,10335.9,63274.358536585365,410,classic,177686,10045,1.565,0.03629717591706719,male,697.0,True
323472,48,6739.0,415,4873.35,9866.863134657837,48719.51876379691,453,classic,1204953,12541,0.36,0.07667684963645885,female,645.0,True
173808,24,7242.0,383,7242.0,15677.378854625551,64091.779735682816,454,No,148545,8909,4.785,0.023730182772897103,female,449.0,True
74736,36,2076.0,399,4130.0,7053.225181598063,39672.23244552058,413,classic,77917,8390,2.585,0.026964590525815933,male,345.0,True
38148,12,3179.0,171,4403.0,5386.075286415712,39267.07855973813,611,No,1204953,12541,0.36,0.07667684963645885,female,346.0,True
14628,12,1219.0,399,1555.6,3495.2119309262166,44652.49607535322,637,classic,157042,8743,2.155,0.024047706982845352,female,544.0,True
80340,12,6695.0,319,6695.0,13587.63829787234,56843.87706855792,423,junior,75637,9622,0.52,0.04630009122519402,female,219.0,False
93888,36,2608.0,156,6665.6,6213.752272727273,33983.26818181818,440,No,86513,8288,4.155,0.01746558320714806,female,517.0,True
77640,12,6470.0,333,6469.7,13582.198511166253,62552.77171215881,403,No,105606,8254,3.275,0.021262996420657918,male,322.0,False
259740,60,4329.0,155,8371.4,8510.14058956916,38296.120181405895,441,No,228848,9893,4.405,0.025147696287492135,male,176.0,True
87360,24,3640.0,321,3639.5,9029.939698492462,51558.565326633165,398,classic,85852,8965,7.655,0.031886269393840566,male,382.0,True
97632,12,8136.0,301,6860.666666666667,12866.482632541134,59053.062157221204,547,No,70646,8547,3.145,0.021975766497749342,female,308.0,False
91200,24,3800.0,231,7039.4,7871.607228915663,32920.47951807229,415,No,119895,10446,8.37,0.04041035906418116,female,462.0,True
17508,12,1459.0,450,1459.0,4660.8418079096045,51932.279661016946,354,gold,323870,10673,5.095,0.05732083860808349,male,582.0,False
170256,24,7094.0,448,6508.0,8136.2791262135925,55541.34708737864,412,classic,93931,8427,1.33,0.020158414155071275,female,351.0,True
209184,48,4358.0,391,4358.0,12428.414392059552,56543.898263027295,403,No,139012,8363,3.005,0.01928970160849423,male,494.0,False
86616,12,7218.0,125,3911.0,3690.7896613190733,55418.885918003565,561,No,75637,9622,0.52,0.04630009122519402,male,386.0,True
276660,36,7685.0,314,7685.0,3617.1176470588234,16486.544757033247,391,No,124605,8772,4.835,0.024124232574936802,male,541.0,True
49320,12,4110.0,167,5457.333333333333,9737.58348968105,49615.367729831145,533,No,122603,8991,1.7,0.04270287023971681,female,580.0,True
141240,24,5885.0,388,3113.06,7783.797770700637,63072.58439490446,628,classic,102609,8187,5.14,0.02074379440399965,male,384.0,True
25944,24,1081.0,260,1081.0,9312.669467787115,52050.96078431373,357,classic,118650,9832,3.9,0.050214917825537296,female,408.0,True
21072,24,878.0,135,1735.3333333333333,2002.9944852941176,31828.3125,544,No,149893,9753,4.845,0.03714649783512239,female,353.0,False
197748,36,5493.0,163,6505.0,7667.883177570094,47920.05841121495,428,No,102609,8187,5.14,0.02074379440399965,female,285.0,False
52128,24,2172.0,264,2172.0,6031.366920152092,45316.00950570342,526,classic,94812,9650,3.525,0.030528836012319115,female,418.0,False
48672,36,1352.0,415,850.0,1315.6190476190477,18803.144620811287,567,No,1204953,12541,0.36,0.07667684963645885,female,558.0,False
239460,60,3991.0,274,4980.599999999999,7174.3340425531915,35110.631914893616,470,No,128118,9317,6.78,0.053938556643094646,female,621.0,False
227880,36,6330.0,382,6330.2,9201.729559748428,62471.68343815514,477,No,197099,9624,1.955,0.022194430210198936,female,467.0,True
196080,48,4085.0,231,4085.0,12332.583908045977,63749.262068965516,435,No,87419,8624,2.225,0.03475789016117778,male,431.0,True
230220,36,6395.0,356,5281.266666666666,6777.7522123893805,32238.699115044248,452,No,323870,10673,5.095,0.05732083860808349,female,622.0,True
182628,36,5073.0,142,4168.5,5049.298076923077,39338.67067307692,416,No,138032,8819,5.52,0.03103628144198447,male,417.0,True
140400,36,3900.0,392,3900.5,12672.75113122172,62794.73303167421,442,classic,1204953,12541,0.36,0.07667684963645885,male,636.0,False
244560,60,4076.0,258,8040.75,8956.413698630136,30600.56712328767,365,No,124605,8772,4.835,0.024124232574936802,female,323.0,False
50460,60,841.0,269,4065.0,4952.905569007264,56606.80871670702,413,gold,75637,9622,0.52,0.04630009122519402,female,560.0,True
193968,36,5388.0,197,5388.5,8926.583333333334,52787.87009803922,408,No,226122,8994,4.295,0.041747375310673,male,257.0,True
4980,12,415.0,242,1287.0,2727.1332082551594,25265.219512195123,533,No,86513,8288,4.155,0.01746558320714806,female,503.0,True
71460,12,5955.0,326,6611.5,8256.926108374384,40341.0197044335,406,No,157042,8743,2.155,0.024047706982845352,male,589.0,True
61056,48,1272.0,347,2495.0,4734.492374727669,33080.69063180828,459,No,1204953,12541,0.36,0.07667684963645885,female,445.0,False
151560,24,6315.0,194,8224.5,11902.34916864608,56137.61995249406,421,gold,125832,8512,3.815,0.01728495136372306,male,492.0,True
45768,12,3814.0,274,3813.7,6009.72654155496,31357.361930294905,373,No,106054,8110,6.16,0.029810285326343184,female,206.0,False
104808,12,8734.0,186,3468.4,4513.068181818182,37433.91433566433,572,No,125832,8512,3.815,0.01728495136372306,male,654.0,True
91584,24,3816.0,211,3816.0,11498.88524590164,48070.34972677596,366,No,1204953,12541,0.36,0.07667684963645885,female,511.0,False
87216,48,1817.0,192,1817.3,3824.3505976095616,17821.677290836655,502,No,58796,9045,3.365,0.03166882100823185,male,360.0,True
215388,36,5983.0,156,5983.0,7253.31328320802,35553.260651629076,399,No,1204953,12541,0.36,0.07667684963645885,male,412.0,False
252060,60,4201.0,232,4194.733333333334,6998.772522522522,34002.15990990991,444,No,1204953,12541,0.36,0.07667684963645885,female,347.0,False
123696,48,2577.0,336,2834.6666666666665,8497.716904276986,53456.674134419554,491,No,124605,8772,4.835,0.024124232574936802,male,650.0,True
59760,24,2490.0,312,5168.5,7037.211538461538,62014.105769230766,416,classic,323870,10673,5.095,0.05732083860808349,male,431.0,True
172080,48,3585.0,198,3585.2,8530.79652605459,56994.92803970223,403,No,92084,10124,0.55,0.04412275748229877,female,449.0,True
288360,60,4806.0,107,4806.5,6030.290801186944,37991.92284866469,337,No,1204953,12541,0.36,0.07667684963645885,male,701.0,True
79632,24,3318.0,141,5029.666666666667,11875.196506550219,55904.032751091705,458,No,125832,8512,3.815,0.01728495136372306,female,420.0,True
189696,24,7904.0,134,3861.6,10046.324483775812,36164.188790560474,339,No,110643,8441,3.965,0.018668148911363574,female,295.0,True
98184,24,4091.0,111,4090.8,7505.368932038835,39696.395631067964,412,No,114200,8403,5.73,0.02134413309982487,female,592.0,True
76416,24,3184.0,669,5956.099999999999,6509.875471698113,40071.02452830189,530,No,1204953,12541,0.36,0.07667684963645885,male,688.0,True
316140,60,5269.0,683,5269.0,3866.727053140097,9629.374396135267,414,No,1204953,12541,0.36,0.07667684963645885,male,323.0,True
36684,12,3057.0,631,3057.0,4429.512761020882,26750.781902552204,431,No,51313,8930,3.86,0.027088651998518894,female,194.0,False
347952,48,7249.0,657,7248.8,11978.15931372549,65513.87745098039,408,No,45714,8843,3.21,0.018659491621822635,female,362.0,True
115992,36,3222.0,613,3816.5,9257.172727272728,53153.725454545456,550,classic,77917,8390,2.585,0.026964590525815933,male,691.0,False
104712,24,4363.0,691,4254.35,9564.798687089715,45250.45514223195,457,No,323870,10673,5.095,0.05732083860808349,male,603.0,True
126600,24,5275.0,693,5274.7,11348.714285714286,45819.17487684729,406,No,75637,9622,0.52,0.04630009122519402,male,673.0,False
15420,12,1285.0,667,2484.6666666666665,2940.85546875,34505.8671875,512,No,128118,9317,6.78,0.053938556643094646,female,357.0,False
31248,12,2604.0,570,2604.5,11484.329383886256,60424.601895734595,422,No,1204953,12541,0.36,0.07667684963645885,female,669.0,True
99696,48,2077.0,646,2077.0,11360.48717948718,54881.855477855475,429,No,88757,8554,2.575,0.022758768322498506,female,284.0,False
205200,36,5700.0,541,4739.325,8622.544326241135,56266.304964539006,564,No,161954,8720,4.115,0.02278424737888536,female,382.0,False
36396,12,3033.0,671,4076.0,9881.052863436124,53966.42290748899,454,No,1204953,12541,0.36,0.07667684963645885,male,277.0,False
103680,60,1728.0,604,1728.0,4089.8845070422535,21089.54366197183,355,No,95907,8388,2.675,0.017339714515103175,male,284.0,True
398640,60,6644.0,512,6643.7,14412.4463840399,67899.07481296758,401,No,323870,10673,5.095,0.05732083860808349,female,418.0,True
158760,60,2646.0,672,3412.375,4346.201886792453,22880.637735849057,530,No,78955,9060,2.11,0.021353935786207333,male,207.0,True
20832,48,434.0,550,1227.4,2197.6311336717426,20476.82233502538,591,No,85852,8965,7.655,0.031886269393840566,male,560.0,True
68112,12,5676.0,532,3753.0,9235.305699481865,53222.272884283244,579,No,138032,8819,5.52,0.03103628144198447,female,205.0,False
48624,24,2026.0,521,3269.85,11259.180527383367,70446.04665314402,493,No,139012,8363,3.005,0.01928970160849423,male,399.0,False
177744,48,3703.0,511,3702.8,9726.309133489462,51253.644028103045,427,classic,161227,8678,5.75,0.029694157926401905,male,273.0,False
168984,24,7041.0,571,7040.7,10103.813627254509,63229.392785571144,499,No,1204953,12541,0.36,0.07667684963645885,male,227.0,True
331560,60,5526.0,571,4637.0,6547.144086021505,57196.320430107524,465,junior,107870,8754,4.07,0.035561323815704086,male,171.0,False
28248,24,1177.0,557,1177.0,7888.606232294617,60557.29178470255,353,gold,162580,9538,1.66,0.03533337433878706,female,300.0,True
192552,24,8023.0,440,8022.8,9353.382585751979,37400.72823218998,379,No,70646,8547,3.145,0.021975766497749342,female,370.0,True
482940,60,8049.0,477,3957.5,3753.983277591973,19822.57357859532,598,No,1204953,12541,0.36,0.07667684963645885,female,222.0,True
31728,24,1322.0,568,3671.0,4838.600461893764,35077.4064665127,433,No,1204953,12541,0.36,0.07667684963645885,male,539.0,True
63360,60,1056.0,638,3225.0,3107.937655860349,29107.09476309227,401,No,75685,8208,2.075,0.024991742088921187,male,477.0,True
97224,24,4051.0,531,3758.6666666666665,3752.4853556485355,34073.24476987448,478,No,122603,8991,1.7,0.04270287023971681,female,526.0,False
76680,24,3195.0,545,5282.666666666667,9683.55064456722,54558.900552486186,543,No,228848,9893,4.405,0.025147696287492135,male,554.0,True
60000,60,1000.0,658,1970.0,2606.229759299781,36819.183807439826,457,No,226122,8994,4.295,0.041747375310673,male,584.0,False
137880,60,2298.0,486,2298.2,6432.686567164179,33760.87313432836,402,No,78955,9060,2.11,0.021353935786207333,male,382.0,False
265320,36,7370.0,643,5602.5,5305.19955654102,39222.47893569845,451,No,51428,8402,3.555,0.020397448860542896,female,561.0,False
87216,48,1817.0,616,1536.75,2768.095890410959,26392.900195694718,511,No,145688,8544,1.575,0.019304953050354182,female,494.0,False
199680,60,3328.0,412,3470.1,6712.5125,32837.6275,400,No,95616,9307,4.14,0.029576639892904953,male,546.0,False
158976,48,3312.0,518,2215.0,8464.090753424658,51315.477739726026,584,No,139012,8363,3.005,0.01928970160849423,male,674.0,True
47304,24,1971.0,516,5060.9,11533.810564663023,65872.04735883424,549,classic,197099,9624,1.955,0.022194430210198936,male,284.0,True
139536,24,5814.0,576,8267.25,11633.513513513513,56452.70478170478,481,No,117897,8814,5.25,0.017689169359695327,female,644.0,True
51408,24,2142.0,387,2142.0,12470.157248157248,63675.65847665848,407,classic,45714,8843,3.21,0.018659491621822635,male,544.0,True
164052,36,4557.0,367,4557.2,9456.969151670952,36316.57326478149,389,No,51313,8930,3.86,0.027088651998518894,female,230.0,True
417060,60,6951.0,558,4380.266666666666,6611.756501182033,42368.40189125296,423,No,45714,8843,3.21,0.018659491621822635,female,404.0,True
79920,60,1332.0,443,2634.0,6941.2770562770565,45950.92640692641,462,classic,170449,10787,2.865,0.03608704069839072,male,502.0,True
95808,12,7984.0,429,7984.3,14347.578571428572,66389.99523809523,420,No,122603,8991,1.7,0.04270287023971681,male,652.0,False
100980,60,1683.0,385,3211.0,4615.238095238095,41086.66917293233,399,No,387570,9897,1.78,0.04827128002683386,male,352.0,True
260028,36,7223.0,689,7107.400000000001,11962.228329809725,46606.323467230446,473,classic,75637,9622,0.52,0.04630009122519402,male,227.0,True
248148,36,6893.0,503,3267.5,5135.6061224489795,30375.148979591835,490,No,72541,8594,1.815,0.021401690078714106,female,657.0,True
187224,24,7801.0,504,7801.2,10410.881266490765,43980.704485488124,379,No,114200,8403,5.73,0.02134413309982487,male,570.0,False
465072,48,9689.0,541,9689.0,7604.507653061224,42890.663265306124,392,No,125832,8512,3.815,0.01728495136372306,male,566.0,True
221280,48,4610.0,389,6206.0,11057.847545219638,37825.62790697674,387,No,323870,10673,5.095,0.05732083860808349,male,322.0,True
98832,48,2059.0,696,1893.75,4209.079741379311,28207.450431034482,464,No,95907,8388,2.675,0.017339714515103175,female,303.0,True
43164,12,3597.0,363,3597.0,12862.1968503937,59798.343832021,381,No,117897,8814,5.25,0.017689169359695327,female,229.0,True
156672,36,4352.0,400,4482.5,3251.3215258855585,19727.604904632153,367,No,72541,8594,1.815,0.021401690078714106,female,467.0,True
270648,36,7518.0,307,7518.0,7433.629901960784,44437.72549019608,408,No,1204953,12541,0.36,0.07667684963645885,male,686.0,True
538500,60,8975.0,336,6790.0,7265.177285318559,31340.382271468145,361,No,95616,9307,4.14,0.029576639892904953,male,415.0,True
185952,48,3874.0,375,4249.35,9030.629213483146,46685.13764044944,356,No,125236,9675,7.055,0.04197275543773356,male,601.0,True
63252,12,5271.0,672,3457.2333333333336,8711.682222222222,45728.6,450,No,94725,9920,2.565,0.048218527315914486,female,559.0,True
71064,36,1974.0,403,2867.3333333333335,4549.591687041565,32609.19804400978,409,No,85852,8965,7.655,0.031886269393840566,female,583.0,True
45336,24,1889.0,489,3909.5,6783.614525139665,51307.85474860335,358,No,51428,8402,3.555,0.020397448860542896,male,460.0,True
76380,12,6365.0,246,3020.25,3044.8812351543943,17848.691211401427,421,No,1204953,12541,0.36,0.07667684963645885,female,450.0,True
266220,60,4437.0,522,3071.5,5007.325187969925,36648.234962406015,532,No,70646,8547,3.145,0.021975766497749342,female,367.0,True
151728,48,3161.0,271,3160.7,10353.278846153846,47080.875,416,No,323870,10673,5.095,0.05732083860808349,male,223.0,True
165120,60,2752.0,601,3867.0,3171.0,21484.50788643533,317,No,121947,8541,2.74,0.030074540579104036,female,549.0,True
104712,24,4363.0,569,8874.35,12920.593824228028,65320.49881235154,421,No,51313,8930,3.86,0.027088651998518894,female,302.0,True
92976,24,3874.0,569,8629.85,13005.119047619048,62734.05952380953,420,classic,51313,8930,3.86,0.027088651998518894,female,302.0,True
194880,48,4060.0,552,4322.25,7800.093085106383,38530.35372340425,376,junior,323870,10673,5.095,0.05732083860808349,male,191.0,True
134784,24,5616.0,288,5616.2,10682.74644549763,62732.0,422,No,285387,10177,7.19,0.03501561038169223,female,658.0,True
21396,12,1783.0,440,1783.2,4486.647840531561,29748.01661129568,301,No,58796,9045,3.365,0.03166882100823185,male,323.0,True
314520,60,5242.0,484,7857.0,14230.555555555555,59423.22222222222,441,No,105606,8254,3.275,0.021262996420657918,female,478.0,True
225420,60,3757.0,312,3757.0,5256.948881789137,34890.91693290735,313,No,117897,8814,5.25,0.017689169359695327,female,560.0,True
85860,60,1431.0,431,2917.0,3307.362559241706,41859.729857819904,422,classic,88884,8507,1.76,0.02718712029161604,female,478.0,True
231696,36,6436.0,476,4152.75,9992.614893617021,44400.98723404255,470,No,1204953,12541,0.36,0.07667684963645885,male,268.0,True
27984,12,2332.0,519,5274.5,9195.709480122325,42331.22324159021,327,No,139012,8363,3.005,0.01928970160849423,male,561.0,True
244368,48,5091.0,488,5091.3,13069.827777777778,63065.947222222225,360,No,114200,8403,5.73,0.02134413309982487,male,307.0,True
37908,12,3159.0,460,3159.0,7478.75,37719.62152777778,288,No,145688,8544,1.575,0.019304953050354182,female,233.0,True
128988,36,3583.0,551,3583.0,10054.09090909091,43608.5,308,No,70646,8547,3.145,0.021975766497749342,male,677.0,True
33984,48,708.0,367,708.0,4133.0752089136495,51764.98885793872,359,No,197099,9624,1.955,0.022194430210198936,male,276.0,True
20220,12,1685.0,343,5203.9,10737.254098360656,50401.45081967213,366,classic,81344,8899,3.68,0.03364722659323367,female,266.0,True
288468,36,8013.0,127,8013.0,6060.621761658031,33971.81865284974,386,No,86513,8288,4.155,0.01746558320714806,female,434.0,True
41952,12,3496.0,425,1900.95,5512.259860788863,34490.408352668215,431,No,161854,9425,2.11,0.024639489910660225,male,274.0,True
125340,60,2089.0,476,2900.9,9901.148619957537,65644.53715498939,471,No,1204953,12541,0.36,0.07667684963645885,male,618.0,True
68400,12,5700.0,167,5700.3,8930.942386831275,33456.97530864197,243,No,228848,9893,4.405,0.025147696287492135,female,226.0,True
189060,60,3151.0,203,4545.5,11889.734417344174,55426.55284552846,369,classic,149893,9753,4.845,0.03714649783512239,female,436.0,True
285600,60,4760.0,252,4760.0,13825.138036809816,58264.65950920245,326,No,95616,9307,4.14,0.029576639892904953,female,175.0,True
182040,60,3034.0,362,3034.0,14315.800653594772,69319.51307189543,306,classic,51428,8402,3.555,0.020397448860542896,female,535.0,True
18564,12,1547.0,128,2382.5,5503.721875,54388.89375,320,No,1204953,12541,0.36,0.07667684963645885,female,385.0,True
113796,36,3161.0,356,3149.2333333333336,5871.936416184971,31905.517341040464,346,No,387570,9897,1.78,0.04827128002683386,male,289.0,True
44088,24,1837.0,236,2605.0,5554.866666666667,43216.42,300,No,81344,8899,3.68,0.03364722659323367,female,529.0,True
99336,24,4139.0,330,4431.0,4162.06600660066,39104.214521452144,303,No,228848,9893,4.405,0.025147696287492135,female,183.0,True
204000,60,3400.0,366,5242.75,6724.876160990712,57193.650154798765,323,No,77917,8390,2.585,0.026964590525815933,male,619.0,True
135360,48,2820.0,363,2819.8,13284.576791808873,58129.095563139934,293,junior,102609,8187,5.14,0.02074379440399965,male,243.0,True
98592,24,4108.0,183,7319.15,8015.7767584097855,43995.259938837924,327,No,92084,10124,0.55,0.04412275748229877,female,378.0,True
198240,24,8260.0,160,7781.5,5316.4276315789475,27560.861842105263,304,No,118650,9832,3.9,0.050214917825537296,male,472.0,True
309600,48,6450.0,348,6450.2,13248.549152542373,66885.87457627119,295,No,226122,8994,4.295,0.041747375310673,male,246.0,True
309552,48,6449.0,241,10370.0,11944.724242424243,51495.42424242424,330,No,226122,8994,4.295,0.041747375310673,male,727.0,True
217152,36,6032.0,309,7233.9,11444.682242990653,56111.06542056075,321,classic,226122,8994,4.295,0.041747375310673,male,256.0,True
73056,48,1522.0,290,1772.0,2022.0544217687075,17913.54081632653,294,No,119895,10446,8.37,0.04041035906418116,male,299.0,True
29784,24,1241.0,125,1942.3333333333333,3406.5075528700904,39429.25377643504,331,No,170449,10787,2.865,0.03608704069839072,female,305.0,True
107640,24,4485.0,179,3308.6666666666665,10215.529745042493,57480.872521246456,353,No,88884,8507,1.76,0.02718712029161604,female,428.0,True
36168,12,3014.0,202,3953.125,5208.065445026178,30307.769633507854,382,No,1204953,12541,0.36,0.07667684963645885,male,409.0,True
191880,60,3198.0,272,4440.599999999999,10185.47512437811,55607.91293532338,402,No,103347,9104,1.79,0.022511538796481757,male,561.0,True
60156,36,1671.0,230,2392.0,8003.252669039146,38553.81850533808,281,No,93931,8427,1.33,0.020158414155071275,male,231.0,True
188688,48,3931.0,160,5366.9,7527.76821192053,48719.741721854305,302,No,197099,9624,1.955,0.022194430210198936,female,361.0,True
20352,48,424.0,283,2316.0,2931.6301369863013,25314.845890410958,292,No,109164,8757,3.665,0.021449378916126194,female,574.0,True
189696,24,7904.0,267,2960.95,7570.0506024096385,47063.621686746985,415,No,51428,8402,3.555,0.020397448860542896,male,603.0,True
21852,36,607.0,169,1912.8,4174.19806763285,56539.461352657,414,classic,125236,9675,7.055,0.04197275543773356,male,490.0,True
73836,36,2051.0,188,2447.6666666666665,8097.188059701492,43375.69850746269,335,classic,119895,10446,8.37,0.04041035906418116,female,341.0,True
419880,60,6998.0,156,8942.0,13017.690789473685,48769.49013157895,304,No,1204953,12541,0.36,0.07667684963645885,female,599.0,True
31176,24,1299.0,173,3285.0,5959.475247524752,34951.46534653466,303,No,1204953,12541,0.36,0.07667684963645885,male,333.0,True
232560,48,4845.0,164,4845.0,10118.810699588477,49002.10699588477,243,No,323870,10673,5.095,0.05732083860808349,female,310.0,True
137904,24,5746.0,129,5746.0,5014.455813953488,10176.706976744186,215,No,75637,9622,0.52,0.04630009122519402,male,330.0,True
89880,24,3745.0,154,3744.7,16527.975384615384,73259.46461538461,325,classic,285387,10177,7.19,0.03501561038169223,male,392.0,True
61656,24,2569.0,167,1841.56,7170.612612612613,43681.72672672672,333,No,53921,8598,3.015,0.03219524860443983,female,505.0,True
277884,36,7719.0,693,7718.7,8637.847583643123,33307.33828996283,269,No,105606,8254,3.275,0.021262996420657918,female,187.0,True
44628,12,3719.0,636,7798.5,14292.460732984293,60027.15968586387,382,No,53921,8598,3.015,0.03219524860443983,male,628.0,True
380160,60,6336.0,579,6336.0,15204.075880758808,67985.50406504064,369,classic,323870,10673,5.095,0.05732083860808349,male,554.0,True
123216,48,2567.0,561,1873.1000000000001,10987.015945330297,73384.10022779043,439,junior,85852,8965,7.655,0.031886269393840566,female,222.0,True
161496,36,4486.0,633,3805.0,7397.943181818182,44887.12215909091,352,No,226122,8994,4.295,0.041747375310673,male,298.0,True
186384,48,3883.0,645,4212.0,10415.24480369515,56833.23787528869,433,No,128118,9317,6.78,0.053938556643094646,male,448.0,True
30060,60,501.0,651,1467.2,4538.954451345756,28752.848861283645,483,classic,72541,8594,1.815,0.021401690078714106,male,537.0,True
54024,12,4502.0,675,3091.433333333333,7799.1984126984125,36105.851851851854,378,classic,117897,8814,5.25,0.017689169359695327,male,339.0,True
155880,24,6495.0,641,7399.9,12240.772959183674,68465.01275510204,392,classic,114006,9065,4.925,0.03645860744171359,female,332.0,True
165960,24,6915.0,561,4584.333333333333,11827.704188481675,56893.405759162306,382,No,93931,8427,1.33,0.020158414155071275,female,622.0,True
368880,60,6148.0,590,2683.75,9763.845833333333,50416.7875,480,No,125832,8512,3.815,0.01728495136372306,male,261.0,True
15192,24,633.0,685,1960.75,3791.677339901478,27463.756157635467,406,No,122603,8991,1.7,0.04270287023971681,female,284.0,True
360000,48,7500.0,578,7500.0,13995.506666666666,60046.6,375,No,197099,9624,1.955,0.022194430210198936,female,279.0,True
284280,60,4738.0,561,4738.0,13575.592592592593,72794.35353535354,297,gold,114006,9065,4.925,0.03645860744171359,female,452.0,True
388512,48,8094.0,646,8094.2,11282.513274336283,38211.29498525074,339,No,42821,8173,3.505,0.01585670582190981,female,329.0,True
392460,60,6541.0,678,8175.6,12455.675516224188,67157.0796460177,339,junior,107870,8754,4.07,0.035561323815704086,female,190.0,True
220620,60,3677.0,521,4332.099999999999,6024.2295918367345,31612.20918367347,392,No,70646,8547,3.145,0.021975766497749342,female,632.0,True
154656,48,3222.0,454,3544.25,6471.9669669669665,40462.384384384386,333,No,161227,8678,5.75,0.029694157926401905,male,471.0,True
46320,24,1930.0,544,1722.0,6810.428260869565,45505.041304347826,460,No,133777,8705,6.68,0.03554048902277671,male,208.0,True
372120,60,6202.0,663,6202.0,14076.876056338027,65701.62535211268,355,gold,197099,9624,1.955,0.022194430210198936,male,621.0,True
56100,60,935.0,405,3575.5,3594.7063197026023,20582.10408921933,269,No,387570,9897,1.78,0.04827128002683386,male,451.0,True
96168,12,8014.0,616,8013.7,8986.14742014742,60051.14004914005,407,gold,197099,9624,1.955,0.022194430210198936,female,289.0,True
155616,48,3242.0,691,2220.0,4626.2578125,46860.153645833336,384,No,226122,8994,4.295,0.041747375310673,female,308.0,True
49440,60,824.0,464,1610.75,5092.565,53113.82,400,No,285387,10177,7.19,0.03501561038169223,female,354.0,True
290700,60,4845.0,392,4845.0,10213.57142857143,51671.276190476194,315,No,139012,8363,3.005,0.01928970160849423,female,443.0,True
320592,48,6679.0,465,6678.7,14049.996466431096,63984.12720848057,283,classic,145688,8544,1.575,0.019304953050354182,female,306.0,True
20196,36,561.0,523,3151.5,8081.1783216783215,55270.5979020979,286,No,1204953,12541,0.36,0.07667684963645885,male,304.0,True
249312,48,5194.0,433,9679.0,12189.470198675497,45595.81456953642,302,No,170449,10787,2.865,0.03608704069839072,male,491.0,True
113544,36,3154.0,358,2962.6666666666665,6286.3140495867765,46865.707988980714,363,No,114200,8403,5.73,0.02134413309982487,male,640.0,True
202788,36,5633.0,387,8813.5,14660.578787878789,67825.57575757576,330,No,51313,8930,3.86,0.027088651998518894,female,511.0,True
77184,36,2144.0,573,2144.0,11790.46590909091,47051.018939393936,264,No,1204953,12541,0.36,0.07667684963645885,female,501.0,True
72120,12,6010.0,616,6010.2,13307.011538461538,76453.66923076923,260,gold,139012,8363,3.005,0.01928970160849423,female,528.0,True
181020,60,3017.0,551,3016.7,6726.215909090909,41255.25,264,No,78955,9060,2.11,0.021353935786207333,female,363.0,True
32640,48,680.0,482,1480.6666666666667,2570.737609329446,34800.21574344023,343,No,161854,9425,2.11,0.024639489910660225,male,645.0,True
85632,48,1784.0,494,1784.5,12424.146428571428,63959.175,280,No,197099,9624,1.955,0.022194430210198936,female,568.0,True
30276,12,2523.0,388,2523.2,4177.5490716180375,16124.055702917773,377,No,103347,9104,1.79,0.022511538796481757,female,684.0,True
30276,12,2523.0,388,2523.2,5199.775577557756,16253.069306930693,303,No,103347,9104,1.79,0.022511538796481757,female,684.0,True
74124,36,2059.0,529,1480.25,8252.142480211081,55798.65963060686,379,No,107870,8754,4.07,0.035561323815704086,female,689.0,True
213300,36,5925.0,326,5359.5,3662.610909090909,24255.52,275,No,162580,9538,1.66,0.03533337433878706,male,382.0,True
396120,60,6602.0,550,6601.7,13812.956363636364,59719.854545454546,275,classic,51428,8402,3.555,0.020397448860542896,female,561.0,True
110136,24,4589.0,553,4740.1,10719.901639344262,48492.11885245902,244,No,1204953,12541,0.36,0.07667684963645885,female,464.0,True
91152,24,3798.0,465,3798.2,8629.07874015748,53438.34251968504,254,classic,105058,9272,3.01,0.04209579470387786,male,644.0,True
115812,36,3217.0,585,3216.7,11652.975352112677,60348.92957746479,284,No,93931,8427,1.33,0.020158414155071275,male,522.0,True
270384,48,5633.0,437,9354.4,11302.939716312057,47479.65957446808,282,No,75232,8980,2.08,0.03746411101658868,male,412.0,True
19044,36,529.0,410,529.0,5865.2661290322585,56285.20564516129,248,No,122603,8991,1.7,0.04270287023971681,female,267.0,True
215616,48,4492.0,303,4492.0,4852.818181818182,18051.91958041958,286,No,42821,8173,3.505,0.01585670582190981,male,469.0,True
194940,36,5415.0,468,5415.0,10427.78,52650.048,250,No,112065,11277,1.345,0.045357604961406325,male,382.0,True
155640,24,6485.0,412,2553.0,5544.505405405405,37220.17297297297,370,No,95616,9307,4.14,0.029576639892904953,female,642.0,True
276300,60,4605.0,487,4277.5,3547.772893772894,36227.42490842491,273,No,197099,9624,1.955,0.022194430210198936,male,244.0,True
123600,60,2060.0,297,2060.0,8432.213973799127,42213.9344978166,229,No,285387,10177,7.19,0.03501561038169223,male,346.0,True
173016,36,4806.0,318,4806.5,10054.215339233038,55378.005899705015,339,classic,177686,10045,1.565,0.03629717591706719,female,615.0,True
96768,36,2688.0,364,7927.25,12966.413427561838,59926.452296819785,283,No,85852,8965,7.655,0.031886269393840566,female,342.0,True
359760,60,5996.0,475,5353.1,8867.443037974683,42951.0970464135,237,No,161854,9425,2.11,0.024639489910660225,male,209.0,True
11400,12,950.0,357,1430.0,2054.3052959501556,28142.654205607476,321,No,387570,9897,1.78,0.04827128002683386,female,194.0,True
247728,48,5161.0,215,3934.7333333333336,7587.200589970502,48589.162241887905,339,junior,1204953,12541,0.36,0.07667684963645885,male,200.0,True
444864,48,9268.0,343,6095.0,5553.267558528428,32884.16053511706,299,No,197099,9624,1.955,0.022194430210198936,male,387.0,True
320976,48,6687.0,251,6687.0,13399.72757475083,47205.455149501664,301,classic,1204953,12541,0.36,0.07667684963645885,male,716.0,True
139464,36,3874.0,396,3873.7,7644.122807017544,22738.48538011696,171,No,182027,8746,3.535,0.024139276041466377,male,457.0,True
260640,36,7240.0,490,4012.8,8910.727272727272,48178.88352272727,352,No,58400,8620,1.175,0.018886986301369865,female,575.0,True
200976,48,4187.0,219,6870.65,8711.754716981131,40951.70943396226,265,No,114200,8403,5.73,0.02134413309982487,male,493.0,True
72408,24,3017.0,126,4468.925,7155.038327526132,40908.19163763066,287,No,51313,8930,3.86,0.027088651998518894,female,452.0,True
93960,60,1566.0,452,3539.6666666666665,7021.717314487632,55425.21908127209,283,No,77917,8390,2.585,0.026964590525815933,male,415.0,True
174048,48,3626.0,345,3626.0,10588.0,66296.62162162163,296,classic,162580,9538,1.66,0.03533337433878706,female,535.0,True
129408,24,5392.0,440,2137.4,3866.3546511627906,30470.11046511628,344,No,106054,8110,6.16,0.029810285326343184,female,410.0,True
402000,60,6700.0,315,3360.6666666666665,3093.8996282527883,24344.71747211896,269,No,149893,9753,4.845,0.03714649783512239,male,192.0,True
262980,60,4383.0,369,4382.7,11162.957081545064,63325.55364806867,233,No,53921,8598,3.015,0.03219524860443983,female,367.0,True
68832,36,1912.0,330,3673.5,6292.432653061224,36905.795918367345,245,No,1204953,12541,0.36,0.07667684963645885,male,446.0,True
417600,60,6960.0,408,6959.8,11559.138613861385,56297.75742574257,202,gold,157042,8743,2.155,0.024047706982845352,male,313.0,True
133968,48,2791.0,261,3870.5,9678.77659574468,55054.66223404255,376,classic,139012,8363,3.005,0.01928970160849423,male,637.0,True
89340,60,1489.0,267,3252.5,4119.361445783133,54166.13654618474,249,No,110643,8441,3.965,0.018668148911363574,female,296.0,True
89340,60,1489.0,267,3252.5,4121.823293172691,53490.17269076305,249,No,110643,8441,3.965,0.018668148911363574,female,296.0,True
100224,48,2088.0,125,2088.0,3814.0262172284642,15865.943820224718,267,No,285387,10177,7.19,0.03501561038169223,female,469.0,True
123408,24,5142.0,384,4004.8,7442.083850931677,53253.51863354037,322,gold,119895,10446,8.37,0.04041035906418116,male,385.0,True
222180,60,3703.0,382,3702.8,7408.984693877551,34328.72448979592,196,No,45714,8843,3.21,0.018659491621822635,male,692.0,True
110112,24,4588.0,330,6940.25,12206.03937007874,54492.964566929135,254,No,107911,8240,3.045,0.01738933009609771,male,396.0,True
93600,24,3900.0,308,2203.875,6580.726643598616,49513.46020761246,289,classic,81344,8899,3.68,0.03364722659323367,male,291.0,True
66480,24,2770.0,139,2770.3,9752.944723618091,31561.552763819094,199,No,182027,8746,3.535,0.024139276041466377,male,729.0,True
70656,48,1472.0,273,3871.0,4368.334600760456,26800.315589353613,263,No,1204953,12541,0.36,0.07667684963645885,male,530.0,True
61560,12,5130.0,326,4848.125,8566.178832116788,33462.48540145985,274,classic,51313,8930,3.86,0.027088651998518894,male,646.0,True
258444,36,7179.0,205,7178.8,10195.796116504855,56216.601941747576,206,No,1204953,12541,0.36,0.07667684963645885,male,362.0,True
71460,36,1985.0,240,4624.5,7506.346491228071,33956.59649122807,228,junior,1204953,12541,0.36,0.07667684963645885,female,192.0,True
421008,48,8771.0,304,9336.5,7538.289473684211,49500.0,228,classic,177686,10045,1.565,0.03629717591706719,male,521.0,True
179328,48,3736.0,311,4333.0,7811.299559471366,35846.290748898675,227,No,387570,9897,1.78,0.04827128002683386,male,276.0,True
176148,36,4893.0,135,5038.0,11498.139130434784,45596.282608695656,230,No,85852,8965,7.655,0.031886269393840566,female,390.0,True
253512,36,7042.0,213,7042.0,8215.265,31399.71,200,No,108871,8444,3.355,0.022503697035941617,female,612.0,True
101520,12,8460.0,245,5964.0,5007.92972972973,22391.583783783783,185,No,1204953,12541,0.36,0.07667684963645885,female,239.0,True
148920,60,2482.0,201,6994.0,6369.189655172414,33725.22844827586,232,No,108871,8444,3.355,0.022503697035941617,male,228.0,True
141648,24,5902.0,200,5093.6,12159.400862068966,47859.370689655174,232,No,139012,8363,3.005,0.01928970160849423,male,529.0,True
85716,36,2381.0,153,4848.400000000001,4331.604,21190.644,250,No,74062,8114,2.5,0.014744403337744053,male,698.0,True
68544,24,2856.0,258,1965.8,6847.785256410257,49882.320512820515,312,No,114006,9065,4.925,0.03645860744171359,male,241.0,True
44376,12,3698.0,164,4873.4,12471.90378006873,63700.14432989691,291,classic,58796,9045,3.365,0.03166882100823185,male,410.0,True
162468,36,4513.0,148,4355.35,9407.607655502392,30650.22966507177,209,No,105058,9272,3.01,0.04209579470387786,female,467.0,True
86184,12,7182.0,237,3475.1666666666665,11799.49814126394,47496.17472118959,269,classic,285387,10177,7.19,0.03501561038169223,female,670.0,True
86184,12,7182.0,237,3475.1666666666665,11788.338289962825,50556.86617100372,269,classic,285387,10177,7.19,0.03501561038169223,female,670.0,True
187104,24,7796.0,141,7795.5,12440.283842794759,66175.57205240175,229,classic,226122,8994,4.295,0.041747375310673,female,230.0,True
141948,36,3943.0,114,6792.5,6360.7276995305165,46668.56338028169,213,classic,228848,9893,4.405,0.025147696287492135,female,549.0,True
54396,36,1511.0,191,1511.0,2794.3174603174602,59367.74603174603,189,No,110643,8441,3.965,0.018668148911363574,male,686.0,True
321180,60,5353.0,233,10038.15,11196.791262135923,36220.728155339806,206,No,177686,10045,1.565,0.03629717591706719,male,722.0,True
182640,48,3805.0,242,4645.066666666667,7404.162895927602,27296.276018099546,221,No,145688,8544,1.575,0.019304953050354182,female,655.0,True
155616,48,3242.0,228,3241.8,7722.983050847458,31852.22033898305,177,No,92084,10124,0.55,0.04412275748229877,female,445.0,True
48744,36,1354.0,134,2285.5,6264.971698113208,50284.89150943396,212,classic,148545,8909,4.785,0.023730182772897103,female,389.0,True
88440,12,7370.0,179,7370.2,12807.853535353535,52603.11616161616,198,classic,128118,9317,6.78,0.053938556643094646,female,616.0,True
29448,12,2454.0,119,2454.5,4663.4841628959275,13411.633484162896,221,No,226122,8994,4.295,0.041747375310673,male,586.0,True
45024,48,938.0,214,2571.0,5758.437246963563,40796.141700404856,247,No,285387,10177,7.19,0.03501561038169223,female,475.0,True
46176,48,962.0,161,5287.5,6138.175824175824,53416.505494505494,182,No,145688,8544,1.575,0.019304953050354182,male,360.0,True
64656,48,1347.0,124,2706.0,4487.242268041237,38747.4793814433,194,classic,67298,8561,0.97,0.016018306636155607,male,594.0,True
228276,36,6341.0,166,6341.0,6025.9101796407185,36799.844311377245,167,No,1204953,12541,0.36,0.07667684963645885,male,423.0,True
84120,24,3505.0,105,3505.0,12407.607329842933,51148.1780104712,191,No,42821,8173,3.505,0.01585670582190981,female,558.0,True
192744,36,5354.0,137,5353.5,10447.064171122995,47651.213903743315,187,No,145688,8544,1.575,0.019304953050354182,male,391.0,True
22968,36,638.0,120,1060.75,2234.5502008032126,39637.273092369476,249,No,93931,8427,1.33,0.020158414155071275,female,554.0,True
232560,48,4845.0,630,1919.8,6653.081534772182,34838.17745803357,417,No,177686,10045,1.565,0.03629717591706719,female,692.0,True
88704,48,1848.0,670,3129.0,2696.5730769230768,17325.265384615384,260,No,87419,8624,2.225,0.03475789016117778,female,436.0,True
68340,60,1139.0,617,5165.0,8400.629213483146,50175.34082397004,267,No,149893,9753,4.845,0.03714649783512239,male,526.0,True
119136,48,2482.0,641,2482.0,8930.78515625,54140.85546875,256,No,114006,9065,4.925,0.03645860744171359,female,405.0,True
38520,12,3210.0,597,3162.5,2328.1024590163934,17777.094262295082,244,No,95907,8388,2.675,0.017339714515103175,male,685.0,True
83280,48,1735.0,628,1735.0,4897.706293706294,42475.01398601398,286,classic,114006,9065,4.925,0.03645860744171359,female,664.0,True
74040,12,6170.0,636,2930.6,5564.478589420655,49231.2241813602,397,No,182027,8746,3.535,0.024139276041466377,female,492.0,True
100260,60,1671.0,684,1671.0,10793.720430107527,52747.333333333336,186,classic,1204953,12541,0.36,0.07667684963645885,male,358.0,True
148140,36,4115.0,615,4114.7,9001.270833333334,42941.04583333333,240,No,53921,8598,3.015,0.03219524860443983,female,420.0,True
102240,60,1704.0,607,4031.0,3756.536121673004,38258.0608365019,263,classic,109164,8757,3.665,0.021449378916126194,female,618.0,True
53232,48,1109.0,638,1550.0,2600.2918032786883,34816.95409836066,305,No,226122,8994,4.295,0.041747375310673,male,395.0,True
162624,48,3388.0,585,4306.333333333333,6124.43537414966,36298.77551020408,294,No,285387,10177,7.19,0.03501561038169223,female,472.0,True
124344,36,3454.0,620,3442.5,5689.993730407524,32102.03761755486,319,No,161854,9425,2.11,0.024639489910660225,female,214.0,True
71976,24,2999.0,546,2999.3,10428.293729372937,45866.59735973598,303,No,161854,9425,2.11,0.024639489910660225,male,379.0,True
42900,12,3575.0,646,5264.666666666667,10580.06647398844,54697.62138728324,346,classic,121947,8541,2.74,0.030074540579104036,male,392.0,True
99936,24,4164.0,590,3635.0,8033.541786743516,63444.43227665706,347,classic,1204953,12541,0.36,0.07667684963645885,female,375.0,True
67320,36,1870.0,499,2639.575,3450.2805280528055,23287.653465346535,303,No,95616,9307,4.14,0.029576639892904953,male,300.0,True
369000,60,6150.0,633,2454.625,8953.622340425532,63669.20212765958,376,No,162580,9538,1.66,0.03533337433878706,female,276.0,True
188616,24,7859.0,583,9049.5,10408.686956521738,54125.6,230,No,108871,8444,3.355,0.022503697035941617,male,702.0,True
293880,60,4898.0,531,4898.2,12916.330357142857,55195.63392857143,224,gold,197099,9624,1.955,0.022194430210198936,female,266.0,True
98304,12,8192.0,533,8191.5,16430.536585365855,73271.69918699187,246,classic,93931,8427,1.33,0.020158414155071275,male,321.0,True
466608,48,9721.0,575,9721.0,6497.382075471698,43064.82547169811,212,No,77963,8546,3.485,0.036940600028218515,female,615.0,True
39024,12,3252.0,530,5497.066666666667,8886.158844765343,53534.21299638989,277,classic,197099,9624,1.955,0.022194430210198936,male,724.0,True
97980,60,1633.0,623,2452.0,3470.7181467181467,20668.513513513513,259,No,45714,8843,3.21,0.018659491621822635,female,208.0,True
186300,60,3105.0,395,3715.9,10654.230555555556,61704.90277777778,360,classic,86513,8288,4.155,0.01746558320714806,male,590.0,True
164256,48,3422.0,468,3421.5,9705.746212121212,52243.22727272727,264,No,75637,9622,0.52,0.04630009122519402,male,295.0,True
294384,48,6133.0,553,6133.0,14978.251824817518,66044.10218978103,274,No,387570,9897,1.78,0.04827128002683386,female,367.0,True
59448,24,2477.0,539,2476.8,9646.804347826086,48328.89492753623,276,No,285387,10177,7.19,0.03501561038169223,male,538.0,True
385104,48,8023.0,516,9141.9,14952.292181069959,47677.12757201646,243,No,387570,9897,1.78,0.04827128002683386,female,485.0,True
335280,48,6985.0,464,3364.433333333333,13063.54811715481,40543.86610878661,239,No,161954,8720,4.115,0.02278424737888536,female,532.0,True
66840,24,2785.0,463,8238.0,12577.95067264574,39265.5067264574,223,No,58796,9045,3.365,0.03166882100823185,female,695.0,True
341280,60,5688.0,406,5688.0,14207.671717171717,44112.35353535353,198,classic,81344,8899,3.68,0.03364722659323367,male,574.0,True
399120,60,6652.0,450,6652.5,6636.396103896104,39458.07792207792,154,No,138032,8819,5.52,0.03103628144198447,female,656.0,True
164196,36,4561.0,473,4679.0,12978.673076923076,56157.745192307695,208,No,197099,9624,1.955,0.022194430210198936,female,487.0,True
165168,36,4588.0,461,5981.166666666667,8620.873517786562,46892.703557312256,253,classic,1204953,12541,0.36,0.07667684963645885,female,466.0,True
239160,60,3986.0,437,1948.14,6021.701030927835,33274.26116838488,291,No,67298,8561,0.97,0.016018306636155607,male,603.0,True
53076,12,4423.0,333,6829.0,5533.720183486239,33872.564220183485,218,classic,51428,8402,3.555,0.020397448860542896,male,584.0,True
90156,12,7513.0,383,7512.7,16012.341346153846,76110.125,208,gold,42821,8173,3.505,0.01585670582190981,female,605.0,True
76080,12,6340.0,371,5225.433333333333,10388.854406130267,60857.08045977011,261,junior,95616,9307,4.14,0.029576639892904953,female,215.0,True
67464,12,5622.0,359,5622.5,12341.078947368422,52673.55263157895,190,No,125236,9675,7.055,0.04197275543773356,male,734.0,True
67464,12,5622.0,359,5622.5,12352.142105263158,55795.231578947365,190,No,125236,9675,7.055,0.04197275543773356,male,734.0,True
23184,12,1932.0,315,1932.0,2770.8853211009173,36277.605504587154,218,No,161954,8720,4.115,0.02278424737888536,female,210.0,True
221880,60,3698.0,311,1447.96,5187.401337792642,51147.896321070235,299,No,81344,8899,3.68,0.03364722659323367,female,639.0,True
48312,24,2013.0,503,6360.0,5437.654205607477,32698.939252336448,214,No,102609,8187,5.14,0.02074379440399965,male,465.0,True
210384,48,4383.0,483,5418.35,9630.531914893618,47845.27127659575,188,No,285387,10177,7.19,0.03501561038169223,female,495.0,True
91632,12,7636.0,365,3508.6666666666665,3160.813043478261,17875.3,230,No,74062,8114,2.5,0.014744403337744053,male,644.0,True
317520,60,5292.0,303,2978.8,5691.772575250836,47649.816053511706,299,No,77963,8546,3.485,0.036940600028218515,female,347.0,True
44304,24,1846.0,314,2040.0,4074.9786324786323,57288.28632478633,234,No,85852,8965,7.655,0.031886269393840566,male,368.0,True
72504,24,3021.0,317,1333.4,5381.576666666667,40649.666666666664,300,No,122603,8991,1.7,0.04270287023971681,female,560.0,True
307200,60,5120.0,374,5120.2,10391.526011560694,31669.20809248555,173,No,107911,8240,3.045,0.01738933009609771,male,422.0,True
415800,60,6930.0,286,6930.0,12953.936507936507,46116.730158730155,189,No,1204953,12541,0.36,0.07667684963645885,female,569.0,True
92400,12,7700.0,459,4137.933333333333,7329.589285714285,42200.732142857145,224,classic,285387,10177,7.19,0.03501561038169223,female,277.0,True
102876,12,8573.0,462,2487.6,4486.386861313868,39814.62773722628,274,classic,323870,10673,5.095,0.05732083860808349,male,666.0,True
35904,48,748.0,296,846.6,1522.2874015748032,17013.889763779527,254,No,228848,9893,4.405,0.025147696287492135,male,613.0,True
116832,12,9736.0,275,7241.0,5331.275,26965.455,200,No,103347,9104,1.79,0.022511538796481757,female,579.0,True
17184,12,1432.0,310,1356.0,3229.00390625,32435.31640625,256,No,1204953,12541,0.36,0.07667684963645885,female,633.0,True
18324,12,1527.0,430,4923.0,7105.627551020408,29415.301020408162,196,No,108871,8444,3.355,0.022503697035941617,female,555.0,True
247920,48,5165.0,271,5165.2,9098.63063063063,48419.52252252252,111,No,106054,8110,6.16,0.029810285326343184,female,477.0,True
88272,48,1839.0,399,4598.15,3912.8125,15259.625,192,No,1204953,12541,0.36,0.07667684963645885,female,217.0,True
41856,48,872.0,431,1124.75,4679.266666666666,41713.7568627451,255,classic,387570,9897,1.78,0.04827128002683386,female,440.0,True
39576,12,3298.0,338,4411.433333333333,5587.991596638655,26055.689075630253,238,No,228848,9893,4.405,0.025147696287492135,female,393.0,True
74772,36,2077.0,389,3119.65,4531.403225806452,22698.295698924732,186,No,157042,8743,2.155,0.024047706982845352,male,438.0,True
59136,48,1232.0,262,1232.0,2147.04,25197.96,175,No,170449,10787,2.865,0.03608704069839072,female,206.0,True
191088,48,3981.0,408,3981.0,6227.020725388601,32866.64248704663,193,No,102609,8187,5.14,0.02074379440399965,male,418.0,True
33348,12,2779.0,368,2778.7,12433.508982035928,45632.520958083835,167,No,81344,8899,3.68,0.03364722659323367,female,321.0,True
86880,12,7240.0,346,7240.0,17625.825,44567.1,160,classic,103347,9104,1.79,0.022511538796481757,female,684.0,True
117420,60,1957.0,213,3336.6666666666665,6074.502347417841,30180.25352112676,213,No,75685,8208,2.075,0.024991742088921187,male,371.0,True
300600,60,5010.0,398,2064.875,7512.418326693227,48721.274900398406,251,classic,67298,8561,0.97,0.016018306636155607,female,397.0,True
305424,48,6363.0,346,4174.766666666666,7444.985915492958,42387.596244131455,213,No,285387,10177,7.19,0.03501561038169223,female,404.0,True
150912,36,4192.0,333,4192.5,9953.772727272728,55372.9595959596,198,classic,102609,8187,5.14,0.02074379440399965,female,260.0,True
272220,60,4537.0,320,5574.099999999999,7464.112149532711,35173.107476635516,214,No,170449,10787,2.865,0.03608704069839072,female,608.0,True
94488,24,3937.0,243,4265.766666666666,10876.422480620155,61186.65891472868,258,No,1204953,12541,0.36,0.07667684963645885,male,462.0,True
66696,24,2779.0,239,2778.7,9366.275167785236,28485.78523489933,149,No,75232,8980,2.08,0.03746411101658868,female,362.0,True
51360,12,4280.0,382,4280.0,14682.295918367347,47434.37755102041,196,No,117897,8814,5.25,0.017689169359695327,female,623.0,True
18720,60,312.0,247,312.0,4746.831325301205,41621.80722891566,166,classic,88757,8554,2.575,0.022758768322498506,male,437.0,True
159744,48,3328.0,280,3055.4,11007.949748743718,51807.778894472365,199,classic,70699,8968,3.09,0.025813660730703406,female,289.0,True
22932,36,637.0,223,1465.3333333333333,3736.2892156862745,40347.16176470588,204,No,139012,8363,3.005,0.01928970160849423,female,519.0,True
27456,12,2288.0,241,1746.325,10550.069343065694,49256.13868613139,274,No,161227,8678,5.75,0.029694157926401905,male,354.0,True
390096,48,8127.0,163,8762.0,8493.076023391814,47488.19298245614,171,junior,112709,8369,2.05,0.024274902625344916,male,220.0,True
150180,60,2503.0,199,3807.2666666666664,13323.109523809524,63042.52380952381,210,No,110643,8441,3.965,0.018668148911363574,male,718.0,True
146064,24,6086.0,166,4293.55,8585.55652173913,43421.24347826087,230,No,323870,10673,5.095,0.05732083860808349,female,524.0,True
73260,60,1221.0,164,3332.0,5400.8263157894735,32637.284210526315,190,No,285387,10177,7.19,0.03501561038169223,female,679.0,True
207264,48,4318.0,281,4318.0,12047.397849462366,50082.20430107527,186,No,95907,8388,2.675,0.017339714515103175,male,415.0,True
268320,60,4472.0,257,4190.333333333333,4333.456647398844,18990.2774566474,173,No,1204953,12541,0.36,0.07667684963645885,female,535.0,True
333648,48,6951.0,311,5243.266666666666,10303.048689138577,49787.87265917603,267,No,177686,10045,1.565,0.03629717591706719,female,252.0,True
84600,36,2350.0,188,2349.5,12677.179894179893,57086.68253968254,189,No,387570,9897,1.78,0.04827128002683386,male,703.0,True
285240,60,4754.0,267,4174.35,8281.80693069307,41142.75247524752,202,No,323870,10673,5.095,0.05732083860808349,male,540.0,True
196800,24,8200.0,199,8200.2,17553.509433962263,58574.15094339623,159,No,112065,11277,1.345,0.045357604961406325,female,441.0,True
475680,48,9910.0,123,9235.5,8484.981366459628,46895.34782608696,161,classic,159617,9198,3.805,0.03736444113095723,female,369.0,True
31620,60,527.0,247,4735.5,4835.366459627329,34813.757763975154,161,No,112065,11277,1.345,0.045357604961406325,male,691.0,True
233424,36,6484.0,254,3649.34,9471.435344827587,49418.5,232,No,149893,9753,4.845,0.03714649783512239,male,460.0,True
90180,36,2505.0,138,3417.9,5620.6578947368425,29359.99342105263,152,No,72541,8594,1.815,0.021401690078714106,male,437.0,True
97176,24,4049.0,137,4049.0,16946.40522875817,58575.07843137255,153,classic,112065,11277,1.345,0.045357604961406325,female,504.0,True
87360,24,3640.0,221,5456.75,11291.80303030303,55385.64646464647,198,classic,95616,9307,4.14,0.029576639892904953,male,722.0,True
34572,12,2881.0,228,2881.0,9941.31724137931,49152.7724137931,145,No,1204953,12541,0.36,0.07667684963645885,female,245.0,True
84288,48,1756.0,121,2019.3333333333333,3884.7664670658683,33258.1377245509,167,No,161954,8720,4.115,0.02278424737888536,female,232.0,True
67980,12,5665.0,118,5665.0,5737.950617283951,44826.96913580247,162,No,125832,8512,3.815,0.01728495136372306,female,611.0,True
220428,36,6123.0,166,5894.0,15601.60248447205,58814.8198757764,161,No,106054,8110,6.16,0.029810285326343184,male,419.0,True
213300,60,3555.0,181,5108.0,8154.4093959731545,36255.73154362416,149,No,72541,8594,1.815,0.021401690078714106,female,504.0,True
76992,24,3208.0,139,3207.8,10823.615853658537,48684.37804878049,164,classic,323870,10673,5.095,0.05732083860808349,male,378.0,True
288720,48,6015.0,172,6015.3,12969.105633802817,62931.295774647886,142,classic,121947,8541,2.74,0.030074540579104036,male,649.0,True
106944,24,4456.0,145,1872.25,8588.08510638298,40008.90957446808,188,No,86513,8288,4.155,0.01746558320714806,female,530.0,True
50112,24,2088.0,108,1776.5,4031.7195767195767,34675.328042328045,189,No,162580,9538,1.66,0.03533337433878706,male,591.0,True
309660,60,5161.0,136,7133.1,9347.447852760737,37136.68711656442,163,No,121947,8541,2.74,0.030074540579104036,female,464.0,True
67608,24,2817.0,189,6843.15,7141.852173913044,23762.547826086957,115,No,387570,9897,1.78,0.04827128002683386,female,414.0,True
33144,12,2762.0,182,2288.5,3833.7487684729062,24695.91133004926,203,No,285387,10177,7.19,0.03501561038169223,female,210.0,True
100080,48,2085.0,103,5147.35,4788.488188976378,29367.48818897638,127,No,114200,8403,5.73,0.02134413309982487,female,381.0,True
357840,48,7455.0,102,5043.0,10057.4,31241.4875,80,No,387570,9897,1.78,0.04827128002683386,female,673.0,True
77808,12,6484.0,117,6483.7,11947.777777777777,54901.32638888889,144,No,1204953,12541,0.36,0.07667684963645885,male,499.0,True
405780,60,6763.0,694,3001.5,3526.1550632911394,31995.693037974685,316,No,145688,8544,1.575,0.019304953050354182,male,559.0,True
99300,60,1655.0,671,2702.3333333333335,5769.6882129277565,35984.96958174905,263,No,108871,8444,3.355,0.022503697035941617,female,292.0,True
14028,12,1169.0,674,2088.3333333333335,4595.928571428572,57448.37142857143,280,No,107911,8240,3.045,0.01738933009609771,female,620.0,True
349392,48,7279.0,657,6810.65,12981.272084805654,68515.36042402827,283,classic,161954,8720,4.115,0.02278424737888536,male,520.0,True
94512,12,7876.0,632,7876.0,15059.607692307693,34594.553846153845,260,No,323870,10673,5.095,0.05732083860808349,male,537.0,True
194256,24,8094.0,689,8094.2,11338.778846153846,48646.08653846154,208,classic,42821,8173,3.505,0.01585670582190981,male,355.0,True
129312,24,5388.0,684,5388.5,12308.437768240343,43748.0686695279,233,No,149893,9753,4.845,0.03714649783512239,female,289.0,True
116496,24,4854.0,684,4853.8,11411.41489361702,38920.882978723406,188,No,117897,8814,5.25,0.017689169359695327,male,470.0,True
66432,24,2768.0,595,4818.5,7560.55868544601,32738.798122065728,213,No,170449,10787,2.865,0.03608704069839072,female,317.0,True
130464,48,2718.0,664,1748.4,7556.006191950464,52440.021671826624,323,No,93931,8427,1.33,0.020158414155071275,male,284.0,True
267600,48,5575.0,678,5575.3,11961.103626943006,55270.91709844559,193,No,285387,10177,7.19,0.03501561038169223,female,479.0,True
53472,12,4456.0,617,4456.0,13587.450450450451,65723.25675675676,222,No,81344,8899,3.68,0.03364722659323367,male,691.0,True
76944,12,6412.0,535,5075.25,9901.73665480427,48722.73309608541,281,classic,1204953,12541,0.36,0.07667684963645885,female,491.0,True
265320,36,7370.0,636,7370.2,9268.962162162163,48288.84864864865,185,No,105606,8254,3.275,0.021262996420657918,male,362.0,True
12540,12,1045.0,623,2054.5,3887.442028985507,47634.97463768116,276,classic,67298,8561,0.97,0.016018306636155607,female,693.0,True
79344,48,1653.0,567,2978.5,2988.176470588235,29862.176470588234,204,No,87419,8624,2.225,0.03475789016117778,female,556.0,True
504000,60,8400.0,664,6323.5,4320.05527638191,26998.24623115578,199,No,75232,8980,2.08,0.03746411101658868,male,322.0,True
311232,48,6484.0,542,6483.7,15935.498098859316,73529.36121673005,263,classic,127369,8369,5.305,0.025685213827540455,female,612.0,True
153504,48,3198.0,502,3358.2666666666664,6117.401785714285,31061.45089285714,224,No,108871,8444,3.355,0.022503697035941617,male,259.0,True
541200,60,9020.0,587,2857.2,3142.6231003039516,6690.547112462006,329,No,285387,10177,7.19,0.03501561038169223,female,610.0,True
31260,12,2605.0,654,4673.5,3905.282722513089,22276.52879581152,191,No,159617,9198,3.805,0.03736444113095723,male,358.0,True
260400,60,4340.0,557,5407.0,9103.633620689656,33174.60344827586,232,No,182027,8746,3.535,0.024139276041466377,female,567.0,True
24792,24,1033.0,606,1908.0,6706.5940170940175,51849.905982905984,234,classic,86513,8288,4.155,0.01746558320714806,male,474.0,True
153144,36,4254.0,560,3912.9,10103.517482517482,54465.769230769234,286,classic,67298,8561,0.97,0.016018306636155607,male,344.0,True
152160,60,2536.0,632,5835.85,5752.304812834224,24208.14973262032,187,No,74062,8114,2.5,0.014744403337744053,female,597.0,True
160656,24,6694.0,651,6694.2,12408.12,52846.88,225,No,92084,10124,0.55,0.04412275748229877,female,325.0,True
158184,36,4394.0,497,4393.8,9078.255102040815,52628.80612244898,196,No,162580,9538,1.66,0.03533337433878706,male,528.0,True
271584,48,5658.0,510,5658.0,12413.464646464647,66368.98484848485,198,classic,1204953,12541,0.36,0.07667684963645885,male,256.0,True
100128,24,4172.0,589,5153.5,10424.330612244898,68942.98775510205,245,classic,323870,10673,5.095,0.05732083860808349,female,596.0,True
100800,24,4200.0,469,3898.8,4060.7535211267605,17675.408450704224,142,No,102609,8187,5.14,0.02074379440399965,male,710.0,True
176328,36,4898.0,625,2886.6400000000003,6949.269503546099,50484.21985815603,282,No,107911,8240,3.045,0.01738933009609771,male,655.0,True
107352,36,2982.0,522,8205.25,12275.095477386934,57349.85427135678,199,No,67298,8561,0.97,0.016018306636155607,female,693.0,True
590820,60,9847.0,521,5639.666666666667,4975.977272727273,37909.69545454546,220,No,387570,9897,1.78,0.04827128002683386,male,361.0,True
23412,12,1951.0,603,2592.5,7657.521951219513,60391.89756097561,205,classic,226122,8994,4.295,0.041747375310673,male,508.0,True
68664,24,2861.0,501,2860.7,9027.868965517242,38762.16551724138,145,No,109164,8757,3.665,0.021449378916126194,female,212.0,True
127200,48,2650.0,473,5152.400000000001,6353.013513513513,38370.27027027027,222,No,88768,8867,1.115,0.03945115356885364,male,389.0,True
37944,36,1054.0,594,1054.0,9042.0,67825.37869822486,169,classic,1204953,12541,0.36,0.07667684963645885,female,381.0,True
238716,36,6631.0,503,6105.566666666667,11514.963636363636,59032.07727272727,220,No,78955,9060,2.11,0.021353935786207333,male,400.0,True
59448,24,2477.0,502,2476.8,5682.949152542373,26120.86440677966,177,No,75637,9622,0.52,0.04630009122519402,male,479.0,True
123300,36,3425.0,565,3425.2,12860.913580246914,54359.858024691355,162,classic,118650,9832,3.9,0.050214917825537296,female,634.0,True
293160,60,4886.0,537,4886.0,13716.015873015873,55419.49206349206,189,No,139012,8363,3.005,0.01928970160849423,female,239.0,True
24180,60,403.0,534,811.6,5354.2008032128515,79272.12449799197,249,No,159617,9198,3.805,0.03736444113095723,male,710.0,True
177504,48,3698.0,536,3697.8,11160.662983425414,54444.37569060773,181,classic,51428,8402,3.555,0.020397448860542896,male,644.0,True
162576,36,4516.0,418,2554.6666666666665,6839.263157894737,45365.325358851675,209,classic,159617,9198,3.805,0.03736444113095723,male,535.0,True
177804,36,4939.0,423,4939.0,10416.017341040462,53945.90751445087,173,No,95616,9307,4.14,0.029576639892904953,female,314.0,True
230400,60,3840.0,446,2713.44,11415.43023255814,68190.47674418605,344,No,228848,9893,4.405,0.025147696287492135,male,434.0,True
48096,24,2004.0,454,2901.6,4719.613259668508,31486.71270718232,181,No,105058,9272,3.01,0.04209579470387786,male,471.0,True
97392,12,8116.0,400,7221.6,10202.399014778324,55253.64532019704,203,No,285387,10177,7.19,0.03501561038169223,male,446.0,True
30276,12,2523.0,498,2653.55,10809.445255474453,53878.96350364963,274,No,228848,9893,4.405,0.025147696287492135,male,429.0,True
30276,12,2523.0,498,2653.55,10797.649635036496,56279.23722627737,274,No,228848,9893,4.405,0.025147696287492135,male,429.0,True
44952,24,1873.0,433,3128.6,8166.518518518518,49927.98148148148,216,No,1204953,12541,0.36,0.07667684963645885,male,330.0,True
35856,24,1494.0,519,3354.5,7672.630952380952,55829.67261904762,168,classic,162580,9538,1.66,0.03533337433878706,female,366.0,True
202848,48,4226.0,349,6200.433333333333,8158.697916666667,29765.375,192,No,127369,8369,5.305,0.025685213827540455,female,682.0,True
468060,60,7801.0,470,3978.7333333333336,12879.652777777777,65889.81018518518,216,classic,112709,8369,2.05,0.024274902625344916,female,602.0,True
407952,48,8499.0,478,8499.0,3185.9453125,14818.5390625,128,No,51428,8402,3.555,0.020397448860542896,female,286.0,True
23520,12,1960.0,355,3469.7333333333336,4064.9885714285715,21759.182857142856,175,No,107911,8240,3.045,0.01738933009609771,male,669.0,True
45768,12,3814.0,447,4439.175,11409.723776223776,61220.13636363636,286,No,138032,8819,5.52,0.03103628144198447,male,640.0,True
360864,48,7518.0,374,7518.0,11366.436363636363,44139.009090909094,220,No,77963,8546,3.485,0.036940600028218515,female,239.0,True
8616,24,359.0,372,2742.6666666666665,3760.5809523809526,37305.166666666664,210,No,108871,8444,3.355,0.022503697035941617,male,263.0,True
170448,48,3551.0,473,6590.0,7899.260869565217,42927.09316770186,161,No,228848,9893,4.405,0.025147696287492135,female,650.0,True
389136,48,8107.0,354,8107.3,17180.59638554217,55641.030120481926,166,No,107911,8240,3.045,0.01738933009609771,male,360.0,True
385560,60,6426.0,424,6426.3,8534.588607594937,23113.37341772152,158,No,102609,8187,5.14,0.02074379440399965,male,499.0,True
42384,12,3532.0,475,2311.3333333333335,6647.604878048781,43748.81463414634,205,No,128118,9317,6.78,0.053938556643094646,female,673.0,True
68124,12,5677.0,320,6937.0,7099.648148148148,37501.22839506173,162,No,323870,10673,5.095,0.05732083860808349,male,477.0,True
19248,12,1604.0,422,5426.5,6557.512195121952,36320.54878048781,164,No,75232,8980,2.08,0.03746411101658868,male,397.0,True
289920,48,6040.0,320,6039.8,13441.318181818182,64987.02597402597,154,gold,133777,8705,6.68,0.03554048902277671,female,643.0,True
390660,60,6511.0,308,8632.85,14761.14732142857,68033.52678571429,224,junior,1204953,12541,0.36,0.07667684963645885,female,229.0,True
143676,36,3991.0,447,3611.45,8572.021739130434,51082.57065217391,184,No,157042,8743,2.155,0.024047706982845352,male,540.0,True
57360,12,4780.0,313,3008.0,6726.590361445783,27610.465863453814,249,No,77963,8546,3.485,0.036940600028218515,male,479.0,True
49320,36,1370.0,425,1978.3333333333333,3386.24,28553.937142857143,175,No,110643,8441,3.965,0.018668148911363574,male,382.0,True
122472,24,5103.0,465,9282.0,11814.752427184467,54079.29126213592,206,No,42821,8173,3.505,0.01585670582190981,female,444.0,True
247920,48,5165.0,412,7344.1,13585.505154639175,59124.60824742268,194,classic,125236,9675,7.055,0.04197275543773356,female,668.0,True
64224,24,2676.0,440,6212.5,6832.427272727273,40743.79090909091,110,No,77963,8546,3.485,0.036940600028218515,male,721.0,True
57120,48,1190.0,275,1937.0,2966.175141242938,48050.977401129945,177,classic,105058,9272,3.01,0.04209579470387786,male,468.0,True
128544,24,5356.0,287,2879.94,7622.791304347826,51192.27826086956,230,No,323870,10673,5.095,0.05732083860808349,female,549.0,True
77544,36,2154.0,386,6156.9,12036.917159763314,45833.692307692305,169,classic,88884,8507,1.76,0.02718712029161604,female,668.0,True
348120,60,5802.0,395,5802.3,12648.703448275863,58179.63448275862,145,classic,42821,8173,3.505,0.01585670582190981,female,425.0,True
203940,60,3399.0,358,4754.5,8350.859060402685,43275.154362416106,149,No,1204953,12541,0.36,0.07667684963645885,female,522.0,True
57060,12,4755.0,415,2341.5,9659.760204081633,50740.80612244898,196,classic,228848,9893,4.405,0.025147696287492135,male,658.0,True
87528,24,3647.0,366,3647.0,8315.977443609023,58287.60902255639,133,classic,148545,8909,4.785,0.023730182772897103,male,561.0,True
465504,48,9698.0,374,3405.0,4491.172588832487,18703.736040609136,197,No,226122,8994,4.295,0.041747375310673,male,427.0,True
473280,60,7888.0,254,7887.7,8347.142857142857,44964.875,168,No,387570,9897,1.78,0.04827128002683386,female,362.0,True
83628,36,2323.0,239,2322.7,5486.90625,26198.53125,128,No,387570,9897,1.78,0.04827128002683386,female,239.0,True
83628,36,2323.0,239,2322.7,5482.4765625,26644.3515625,128,No,387570,9897,1.78,0.04827128002683386,female,239.0,True
116040,60,1934.0,226,2318.6666666666665,3370.331210191083,25973.547770700636,157,No,387570,9897,1.78,0.04827128002683386,female,693.0,True
155760,24,6490.0,333,9322.25,11845.005882352942,45722.25882352941,170,No,133777,8705,6.68,0.03554048902277671,female,592.0,True
22104,12,1842.0,379,2637.6666666666665,4095.770700636943,50943.05732484077,157,No,125236,9675,7.055,0.04197275543773356,female,393.0,True
106128,36,2948.0,337,2948.0,7471.306569343065,42200.32846715328,137,No,159617,9198,3.805,0.03736444113095723,male,228.0,True
89280,12,7440.0,261,5817.5,12635.254335260115,50357.601156069366,173,No,1204953,12541,0.36,0.07667684963645885,male,599.0,True
61320,60,1022.0,331,1041.5,2430.4204545454545,24398.971590909092,176,No,124605,8772,4.835,0.024124232574936802,female,603.0,True
44940,12,3745.0,238,3744.7,11159.302631578947,61940.03289473684,152,classic,1204953,12541,0.36,0.07667684963645885,female,260.0,True
78696,36,2186.0,224,1158.6,3381.0932642487046,37644.44559585492,193,No,226122,8994,4.295,0.041747375310673,female,318.0,True
204780,60,3413.0,198,3413.0,15682.045751633987,65213.13725490196,153,classic,387570,9897,1.78,0.04827128002683386,male,534.0,True
42840,12,3570.0,265,3570.0,5202.1925925925925,35217.88148148148,135,No,285387,10177,7.19,0.03501561038169223,male,720.0,True
566640,60,9444.0,308,3443.2,4270.28,37751.47,200,No,1204953,12541,0.36,0.07667684963645885,female,311.0,True
128268,36,3563.0,170,3563.0,9632.222222222223,63713.11111111111,108,classic,159617,9198,3.805,0.03736444113095723,male,657.0,True
78600,24,3275.0,136,7883.9,7463.032258064516,30019.91129032258,124,No,121947,8541,2.74,0.030074540579104036,male,495.0,True
125472,24,5228.0,281,10054.85,14226.406593406593,77371.25274725274,182,No,51428,8402,3.555,0.020397448860542896,female,618.0,True
168264,36,4674.0,204,9068.1,10859.063063063064,26730.936936936938,111,No,182027,8746,3.535,0.024139276041466377,male,564.0,True
136368,24,5682.0,260,7608.4,12410.47972972973,50507.86486486487,148,No,58400,8620,1.175,0.018886986301369865,male,342.0,True
214596,36,5961.0,138,9794.5,16355.34375,63789.734375,128,classic,323870,10673,5.095,0.05732083860808349,male,720.0,True
218064,48,4543.0,241,5441.566666666667,8411.69172932331,52006.0,133,classic,1204953,12541,0.36,0.07667684963645885,female,644.0,True
460980,60,7683.0,181,7683.2,7604.653465346535,24349.287128712873,101,No,75232,8980,2.08,0.03746411101658868,female,394.0,True
197808,24,8242.0,125,7455.9,17554.810344827587,67736.74137931035,116,classic,1204953,12541,0.36,0.07667684963645885,female,418.0,True
26208,36,728.0,129,1941.5,3117.990291262136,26846.582524271846,103,No,45714,8843,3.21,0.018659491621822635,female,294.0,True
63576,12,5298.0,202,5297.7,9966.913385826772,57357.944881889765,127,No,1204953,12541,0.36,0.07667684963645885,female,453.0,True
79824,12,6652.0,182,7278.75,13057.176923076922,59206.653846153844,130,classic,53921,8598,3.015,0.03219524860443983,male,491.0,True
63972,36,1777.0,115,1776.7,5423.3942307692305,21967.14423076923,104,No,157042,8743,2.155,0.024047706982845352,male,605.0,True
219456,48,4572.0,108,4572.0,12183.785714285714,63611.19047619047,84,No,112709,8369,2.05,0.024274902625344916,female,454.0,True
66696,24,2779.0,110,7519.35,14029.225806451614,75595.65322580645,124,classic,1204953,12541,0.36,0.07667684963645885,male,264.0,True
133848,24,5577.0,697,5577.3,10772.618497109826,44806.34104046243,173,No,114006,9065,4.925,0.03645860744171359,female,453.0,True
220440,60,3674.0,641,6045.85,8710.167785234898,38540.63087248322,149,No,102609,8187,5.14,0.02074379440399965,female,507.0,True
41256,12,3438.0,682,2398.8,10903.86798679868,66817.10561056106,303,gold,51428,8402,3.555,0.020397448860542896,male,716.0,True
49872,12,4156.0,684,2027.5,6657.868243243243,56545.97635135135,296,No,148545,8909,4.785,0.023730182772897103,female,375.0,True
188532,36,5237.0,648,5237.0,14620.295238095237,64389.01904761905,210,No,285387,10177,7.19,0.03501561038169223,female,271.0,True
140064,24,5836.0,673,5836.0,14108.685567010309,67486.71649484536,194,classic,51428,8402,3.555,0.020397448860542896,female,573.0,True
174960,24,7290.0,674,7290.5,12685.645,65372.275,200,No,102609,8187,5.14,0.02074379440399965,female,248.0,True
104964,12,8747.0,644,8676.5,6680.276836158192,38456.90960451977,177,No,77963,8546,3.485,0.036940600028218515,male,383.0,True
112752,36,3132.0,674,3467.5,5550.954545454545,47716.65909090909,176,classic,161227,8678,5.75,0.029694157926401905,female,508.0,True
10944,36,304.0,659,763.5,1540.1150442477876,23022.597345132745,226,No,125236,9675,7.055,0.04197275543773356,male,562.0,True
279072,48,5814.0,611,5813.5,12456.699300699302,42764.58741258741,143,No,1204953,12541,0.36,0.07667684963645885,male,350.0,True
69600,48,1450.0,675,2147.0,3557.4548611111113,42855.197916666664,288,No,197099,9624,1.955,0.022194430210198936,male,349.0,True
225504,48,4698.0,686,3129.75,11606.56170212766,57743.57021276596,235,junior,94725,9920,2.565,0.048218527315914486,male,220.0,True
212976,36,5916.0,671,7334.35,10934.308108108107,47824.545945945945,185,No,1204953,12541,0.36,0.07667684963645885,female,299.0,True
234336,48,4882.0,659,4353.125,8018.026905829596,40076.5201793722,223,No,1204953,12541,0.36,0.07667684963645885,female,318.0,True
136344,24,5681.0,638,6374.0,4816.82122905028,34076.90502793296,179,No,1204953,12541,0.36,0.07667684963645885,female,407.0,True
30012,12,2501.0,659,2501.0,10849.174825174825,51154.20279720279,143,No,78955,9060,2.11,0.021353935786207333,male,534.0,True
321360,60,5356.0,599,7982.0,11507.881188118812,53716.38613861386,202,classic,122603,8991,1.7,0.04270287023971681,male,278.0,True
144960,48,3020.0,601,5089.0,13452.102803738318,67525.14485981308,214,No,81344,8899,3.68,0.03364722659323367,female,373.0,True
321240,60,5354.0,524,5353.5,11495.994791666666,70889.02083333333,192,classic,177686,10045,1.565,0.03629717591706719,male,336.0,True
194160,48,4045.0,520,2377.0,3231.1888412017165,28162.78111587983,233,No,161954,8720,4.115,0.02278424737888536,female,633.0,True
240528,48,5011.0,561,5011.2,11718.630872483222,39089.23489932886,149,No,162580,9538,1.66,0.03533337433878706,male,501.0,True
88608,12,7384.0,632,7384.0,12602.488095238095,54237.54761904762,168,No,125832,8512,3.815,0.01728495136372306,male,606.0,True
74352,24,3098.0,559,5097.5,10743.921465968586,49901.01047120419,191,No,1204953,12541,0.36,0.07667684963645885,female,485.0,True
130896,24,5454.0,574,4964.0,3598.614906832298,36910.782608695656,161,No,85852,8965,7.655,0.031886269393840566,female,526.0,True
321936,48,6707.0,693,4718.666666666667,4143.354368932039,35405.344660194176,206,No,1204953,12541,0.36,0.07667684963645885,female,449.0,True
184620,60,3077.0,606,6461.4,6903.228758169935,34655.8954248366,153,No,77917,8390,2.585,0.026964590525815933,female,417.0,True
314688,48,6556.0,579,6556.3,14780.374149659863,56690.4081632653,147,classic,88884,8507,1.76,0.02718712029161604,male,292.0,True
374760,60,6246.0,461,4361.45,9880.43925233645,54097.46261682243,214,No,182027,8746,3.535,0.024139276041466377,male,559.0,True
280440,60,4674.0,620,4674.0,9087.869863013699,46942.3698630137,146,No,387570,9897,1.78,0.04827128002683386,female,550.0,True
108720,60,1812.0,594,1812.3,11316.67619047619,54170.60952380952,105,classic,77963,8546,3.485,0.036940600028218515,female,380.0,True
74916,36,2081.0,664,4470.933333333333,12611.111650485436,58488.03398058253,206,No,1204953,12541,0.36,0.07667684963645885,male,672.0,True
331584,48,6908.0,595,6908.0,9336.123076923077,42020.43846153846,130,No,95907,8388,2.675,0.017339714515103175,female,301.0,True
93036,12,7753.0,447,7753.3,13661.854054054054,55230.83783783784,185,No,387570,9897,1.78,0.04827128002683386,female,209.0,True
428784,48,8933.0,436,3238.5,3644.109375,19475.354166666668,192,No,1204953,12541,0.36,0.07667684963645885,male,742.0,True
50976,36,1416.0,496,2133.0,3502.5260416666665,26454.354166666668,192,No,77917,8390,2.585,0.026964590525815933,male,221.0,True
36204,12,3017.0,478,3017.2,5035.928571428572,26264.663265306124,196,No,102609,8187,5.14,0.02074379440399965,male,722.0,True
52236,36,1451.0,444,3246.5,2691.919540229885,40892.79885057471,174,No,81344,8899,3.68,0.03364722659323367,male,713.0,True
253560,60,4226.0,645,4226.5,10167.761904761905,40490.78571428572,126,No,119895,10446,8.37,0.04041035906418116,female,567.0,True
208332,36,5787.0,561,4763.5,15529.65644171779,66259.25766871165,163,No,88884,8507,1.76,0.02718712029161604,female,218.0,True
40632,12,3386.0,444,1380.9,4813.028301886792,52229.81603773585,212,No,107870,8754,4.07,0.035561323815704086,female,634.0,True
84288,48,1756.0,446,3790.5,5562.578231292517,34672.1768707483,147,No,45714,8843,3.21,0.018659491621822635,female,485.0,True
231168,48,4816.0,613,3073.6666666666665,12742.777777777777,55599.98333333333,180,junior,182027,8746,3.535,0.024139276041466377,female,243.0,True
64860,60,1081.0,561,1137.25,3745.2944444444443,44139.76666666667,180,No,85852,8965,7.655,0.031886269393840566,female,224.0,True
194280,60,3238.0,426,1519.0,5957.995192307692,47124.02403846154,208,classic,1204953,12541,0.36,0.07667684963645885,male,342.0,True
133800,24,5575.0,405,5003.766666666666,9331.966101694916,45957.21468926554,177,No,107870,8754,4.07,0.035561323815704086,male,683.0,True
390000,48,8125.0,510,7568.099999999999,11091.910891089108,44852.0495049505,101,No,95907,8388,2.675,0.017339714515103175,male,605.0,True
215040,60,3584.0,403,3583.7,6984.284768211921,42151.33774834437,151,No,72541,8594,1.815,0.021401690078714106,female,448.0,True
253200,60,4220.0,586,3215.375,5489.297468354431,34852.120253164554,158,No,139012,8363,3.005,0.01928970160849423,male,741.0,True
152460,60,2541.0,481,2739.56,4393.611428571428,21450.588571428572,175,No,88757,8554,2.575,0.022758768322498506,female,558.0,True
109344,12,9112.0,504,9020.0,7233.565891472868,49699.01550387597,129,classic,285387,10177,7.19,0.03501561038169223,female,644.0,True
58764,12,4897.0,507,4897.0,11962.621621621622,45220.75675675676,74,classic,387570,9897,1.78,0.04827128002683386,female,630.0,True
5148,12,429.0,446,4475.0,7497.579365079365,40547.78571428572,126,No,1204953,12541,0.36,0.07667684963645885,female,422.0,True
45720,12,3810.0,415,2487.3333333333335,9059.704697986577,38910.147651006715,149,No,1204953,12541,0.36,0.07667684963645885,female,232.0,True
272220,60,4537.0,339,2729.825,7580.163157894737,48846.994736842105,190,No,124605,8772,4.835,0.024124232574936802,female,687.0,True
140688,48,2931.0,416,2931.0,9105.078947368422,45509.44736842105,114,No,93931,8427,1.33,0.020158414155071275,male,683.0,True
140688,48,2931.0,416,2931.0,9087.771929824561,48259.36842105263,114,No,93931,8427,1.33,0.020158414155071275,male,683.0,True
86184,36,2394.0,477,3475.25,5731.2477876106195,28918.522123893807,113,No,74062,8114,2.5,0.014744403337744053,male,359.0,True
271260,60,4521.0,458,5682.5,4652.0,13352.888888888889,99,No,114006,9065,4.925,0.03645860744171359,male,330.0,True
178500,60,2975.0,304,1901.0,2370.6866666666665,16895.573333333334,150,No,182027,8746,3.535,0.024139276041466377,female,318.0,True
37812,12,3151.0,489,8976.15,14228.037974683544,52987.41139240506,158,No,67298,8561,0.97,0.016018306636155607,female,403.0,True
22356,36,621.0,314,2441.0,2772.730769230769,22634.721153846152,104,No,95616,9307,4.14,0.029576639892904953,male,695.0,True
385584,48,8033.0,502,8033.2,12144.267326732674,69693.36633663367,101,No,72541,8594,1.815,0.021401690078714106,male,287.0,True
170700,60,2845.0,432,2845.0,5786.381679389313,32501.458015267177,131,No,107911,8240,3.045,0.01738933009609771,male,323.0,True
71820,36,1995.0,403,1995.0,11051.566929133858,58984.913385826774,127,No,86513,8288,4.155,0.01746558320714806,male,412.0,True
12792,12,1066.0,413,2589.0,2509.3684210526317,35128.40350877193,114,No,124605,8772,4.835,0.024124232574936802,female,299.0,True
78720,48,1640.0,377,3162.5,7561.723214285715,47499.169642857145,112,classic,67298,8561,0.97,0.016018306636155607,female,648.0,True
88200,36,2450.0,462,3067.1,5373.25,41159.05172413793,116,No,127369,8369,5.305,0.025685213827540455,male,645.0,True
42816,12,3568.0,458,4114.0,3192.551401869159,17055.168224299065,107,No,226122,8994,4.295,0.041747375310673,male,735.0,True
93888,36,2608.0,315,4511.066666666667,12418.694610778442,63682.64071856288,167,No,88884,8507,1.76,0.02718712029161604,male,741.0,True
335184,48,6983.0,401,6983.3,12024.783582089553,31331.328358208953,134,No,106054,8110,6.16,0.029810285326343184,female,243.0,True
45456,12,3788.0,329,3788.3,8826.567010309278,43457.57731958763,97,classic,53921,8598,3.015,0.03219524860443983,female,612.0,True
76104,24,3171.0,340,2002.3333333333333,1894.163120567376,22085.475177304965,141,No,145688,8544,1.575,0.019304953050354182,female,440.0,True
339168,48,7066.0,292,5397.0,4081.153846153846,33493.96153846154,104,No,112709,8369,2.05,0.024274902625344916,female,675.0,True
156420,60,2607.0,344,6914.5,9843.196261682244,49536.2429906542,107,No,139012,8363,3.005,0.01928970160849423,male,495.0,True
334620,60,5577.0,243,5577.3,13215.159574468085,66272.0425531915,94,No,139012,8363,3.005,0.01928970160849423,female,441.0,True
269964,36,7499.0,341,9275.85,14033.05,61828.4,120,junior,93931,8427,1.33,0.020158414155071275,female,232.0,True
157068,36,4363.0,245,5798.35,11534.329545454546,52712.76136363636,88,No,1204953,12541,0.36,0.07667684963645885,female,318.0,True
43200,24,1800.0,304,3755.0,4675.368932038835,39581.82524271845,103,No,159617,9198,3.805,0.03736444113095723,female,588.0,True
81144,36,2254.0,275,6366.25,15296.218487394957,63035.19327731092,119,classic,228848,9893,4.405,0.025147696287492135,female,647.0,True
125472,24,5228.0,393,5801.85,10603.198412698413,48904.25396825397,126,No,125236,9675,7.055,0.04197275543773356,male,693.0,True
290820,60,4847.0,342,2056.75,5134.0546875,48864.5859375,128,classic,95616,9307,4.14,0.029576639892904953,male,728.0,True
110736,48,2307.0,254,2416.7,4399.630769230769,34462.38461538462,130,No,51428,8402,3.555,0.020397448860542896,female,698.0,True
110736,48,2307.0,254,2416.7,4420.207692307692,32514.33846153846,130,No,51428,8402,3.555,0.020397448860542896,female,698.0,True
156096,36,4336.0,187,5865.4,8741.111111111111,43870.555555555555,108,No,103347,9104,1.79,0.022511538796481757,male,546.0,True
140880,60,2348.0,251,6831.0,9397.22340425532,41528.31914893617,94,No,58796,9045,3.365,0.03166882100823185,male,483.0,True
44640,24,1860.0,417,1860.0,6960.469879518072,41047.819277108436,83,No,108871,8444,3.355,0.022503697035941617,male,499.0,True
44640,24,1860.0,417,1860.0,6946.240963855422,40629.50602409639,83,No,108871,8444,3.355,0.022503697035941617,male,499.0,True
31140,60,519.0,326,519.0,2243.9638554216867,35676.39759036145,83,No,127369,8369,5.305,0.025685213827540455,male,257.0,True
185640,60,3094.0,288,3094.5,6193.78640776699,30978.563106796115,103,No,112709,8369,2.05,0.024274902625344916,female,430.0,True
174840,60,2914.0,389,2712.6,5587.3185840707965,34492.592920353985,113,No,109164,8757,3.665,0.021449378916126194,female,568.0,True
23328,12,1944.0,187,5856.0,7115.153846153846,37711.83516483517,91,No,95907,8388,2.675,0.017339714515103175,female,400.0,True
113436,36,3151.0,384,3151.3,17747.78947368421,69377.21052631579,133,classic,105606,8254,3.275,0.021262996420657918,male,512.0,True
196224,48,4088.0,168,7222.0,17135.36170212766,75639.62765957447,94,gold,127369,8369,5.305,0.025685213827540455,male,575.0,True
49488,24,2062.0,217,2062.0,8530.0,45033.666666666664,87,classic,161227,8678,5.75,0.029694157926401905,female,677.0,True
170832,48,3559.0,356,6604.0,15543.78494623656,70556.37634408602,93,No,58796,9045,3.365,0.03166882100823185,male,344.0,True
209040,24,8710.0,355,3920.6666666666665,6418.467391304348,45958.44565217391,92,junior,1204953,12541,0.36,0.07667684963645885,male,233.0,True
172272,24,7178.0,331,10817.0,16212.66265060241,63373.98795180723,83,No,161227,8678,5.75,0.029694157926401905,male,665.0,True
49044,12,4087.0,165,4344.9,9049.919540229885,37358.77011494253,87,No,75637,9622,0.52,0.04630009122519402,female,539.0,True
96984,36,2694.0,287,4310.425,5693.468085106383,18985.94680851064,94,No,112065,11277,1.345,0.045357604961406325,male,317.0,True
151200,36,4200.0,241,9324.1,14886.27659574468,52607.5,94,No,77963,8546,3.485,0.036940600028218515,male,619.0,True
495180,60,8253.0,222,8253.2,19772.473684210527,54329.25,76,junior,42821,8173,3.505,0.01585670582190981,female,220.0,True
39168,24,1632.0,347,2662.5,7465.12,56689.613333333335,75,No,94725,9920,2.565,0.048218527315914486,female,235.0,True
153936,24,6414.0,115,6413.7,15657.424657534246,58962.94520547945,73,No,105606,8254,3.275,0.021262996420657918,male,581.0,True
437460,60,7291.0,312,7241.766666666666,15539.282352941176,44637.10588235294,85,classic,228848,9893,4.405,0.025147696287492135,female,542.0,True
17952,12,1496.0,344,3972.0,6096.6578947368425,31700.32894736842,76,No,133777,8705,6.68,0.03554048902277671,female,535.0,True
249792,48,5204.0,284,5204.2,12661.12987012987,51564.168831168834,77,classic,157042,8743,2.155,0.024047706982845352,male,403.0,True
191580,60,3193.0,176,2047.0,2073.11,16424.47,100,No,121947,8541,2.74,0.030074540579104036,female,387.0,True
210744,36,5854.0,242,7502.6,13284.506849315068,46756.61643835616,73,No,197099,9624,1.955,0.022194430210198936,male,235.0,True
22260,60,371.0,159,1826.5,2251.9841269841268,30607.126984126986,63,No,285387,10177,7.19,0.03501561038169223,female,689.0,True
327660,60,5461.0,660,9108.65,11413.32867132867,50955.43356643357,143,classic,85852,8965,7.655,0.031886269393840566,female,679.0,True
189792,48,3954.0,635,8033.65,8200.493055555555,35229.73611111111,144,No,162580,9538,1.66,0.03533337433878706,male,700.0,True
165780,60,2763.0,607,2762.8,9533.14393939394,46121.17424242424,132,No,145688,8544,1.575,0.019304953050354182,male,566.0,True
230220,36,6395.0,662,6395.0,15755.944444444445,66186.01234567902,162,classic,53921,8598,3.015,0.03219524860443983,male,586.0,True
41988,12,3499.0,622,5072.5,4460.560283687943,38957.21985815603,141,No,148545,8909,4.785,0.023730182772897103,male,307.0,True
55632,24,2318.0,644,2317.5,6178.563025210084,30101.134453781513,119,No,285387,10177,7.19,0.03501561038169223,male,599.0,True
69624,36,1934.0,585,1414.5,5497.19375,50945.85625,160,classic,139012,8363,3.005,0.01928970160849423,male,621.0,True
91248,48,1901.0,579,1901.0,7707.592592592592,29792.63888888889,108,No,177686,10045,1.565,0.03629717591706719,female,310.0,True
139488,24,5812.0,573,5811.7,13213.314814814816,48303.555555555555,108,No,75232,8980,2.08,0.03746411101658868,male,351.0,True
82128,24,3422.0,506,3421.5,6067.083333333333,31893.631944444445,144,No,45714,8843,3.21,0.018659491621822635,male,354.0,True
99744,24,4156.0,523,6122.75,8561.963963963964,43225.46846846847,111,No,94725,9920,2.565,0.048218527315914486,female,326.0,True
240900,60,4015.0,533,6467.0,5113.328,26573.072,125,No,110643,8441,3.965,0.018668148911363574,female,591.0,True
52512,12,4376.0,521,4375.5,12063.45054945055,58505.71428571428,91,No,157042,8743,2.155,0.024047706982845352,male,647.0,True
352704,48,7348.0,513,7348.0,8368.847457627118,30200.627118644068,59,classic,103347,9104,1.79,0.022511538796481757,female,575.0,True
317460,60,5291.0,499,3974.6,13987.632258064516,66468.5870967742,155,No,102609,8187,5.14,0.02074379440399965,male,276.0,True
276084,36,7669.0,476,2349.1400000000003,10670.812903225806,59131.412903225806,155,classic,1204953,12541,0.36,0.07667684963645885,female,416.0,True
318480,60,5308.0,422,2576.375,7293.530769230769,37547.484615384616,130,No,70646,8547,3.145,0.021975766497749342,male,553.0,True
16032,48,334.0,449,2418.25,3636.251851851852,22821.85185185185,135,No,105058,9272,3.01,0.04209579470387786,female,395.0,True
99216,36,2756.0,443,6438.0,12802.79797979798,58031.555555555555,99,No,1204953,12541,0.36,0.07667684963645885,female,572.0,True
38496,12,3208.0,390,3207.8,7720.367346938776,45556.5306122449,49,classic,94725,9920,2.565,0.048218527315914486,female,416.0,True
163332,36,4537.0,443,4537.3,8251.597222222223,28793.458333333332,72,No,70699,8968,3.09,0.025813660730703406,male,731.0,True
160920,36,4470.0,359,4841.25,11168.215384615385,50293.47692307692,65,classic,85852,8965,7.655,0.031886269393840566,male,325.0,True
185544,36,5154.0,293,3670.4,6633.824561403509,22717.736842105263,57,No,124605,8772,4.835,0.024124232574936802,male,708.0,True
